seq,time_utc,side,size,price,notional,equity,position,balance_price,v_coin,v_cash,v_cap
1,2026-03-27 12:00,buy,60.161232,83.1100,5000.00,19995.00,60.161232,83.1100,360.9674,30000.00,60000
2,2026-03-27 16:00,buy,2.135957,82.1379,175.44,19991.29,62.297189,82.1379,363.1033,29824.56,60000
3,2026-03-27 22:00,sell,2.146476,83.1207,178.42,19974.49,60.150713,83.1207,360.9569,30002.97,60000
4,2026-03-28 00:00,buy,1.606579,82.3873,132.36,19981.72,61.757291,82.3873,362.5635,29870.61,60000
5,2026-03-28 05:00,sell,1.480952,83.0659,123.02,19975.89,60.276340,83.0659,361.0825,29993.63,60000
6,2026-03-28 06:00,sell,1.203972,83.6235,100.68,20002.24,59.072368,83.6235,359.8785,30094.31,60000
7,2026-03-28 08:00,buy,1.191250,83.0735,98.96,20015.52,60.263617,83.0735,361.0698,29995.35,60000
8,2026-03-28 12:00,sell,1.112014,83.5884,92.95,19973.05,59.151604,83.5884,359.9578,30088.30,60000
9,2026-03-28 14:00,sell,1.335121,84.2131,112.43,20006.79,57.816483,84.2131,358.6226,30200.73,60000
10,2026-03-28 15:00,buy,1.458489,83.5337,121.83,20042.38,59.274972,83.5337,360.0811,30078.90,60000
11,2026-03-28 20:00,buy,1.412350,82.8835,117.06,20017.52,60.687322,82.8835,361.4935,29961.84,60000
12,2026-03-28 22:00,buy,1.309121,82.2875,107.72,19981.06,61.996443,82.2875,362.8026,29854.12,60000
13,2026-03-29 02:00,sell,1.414096,82.9340,117.28,19979.32,60.582347,82.9340,361.3885,29971.39,60000
14,2026-03-29 05:00,buy,1.237064,82.3701,101.90,19976.62,61.819411,82.3701,362.6256,29869.50,60000
15,2026-03-29 12:00,buy,1.161810,81.8456,95.09,19960.53,62.981221,81.8456,363.7874,29774.41,60000
16,2026-03-29 13:00,sell,1.140370,82.3620,93.92,19927.56,61.840851,82.3620,362.6470,29868.33,60000
17,2026-03-29 14:00,buy,1.204520,81.8185,98.55,19928.85,63.045371,81.8185,363.8515,29769.78,60000
18,2026-03-29 16:00,buy,1.290689,81.2421,104.86,19914.85,64.336059,81.2421,365.1422,29664.92,60000
19,2026-03-29 17:00,sell,1.312360,81.8303,107.39,19905.44,63.023699,81.8303,363.8299,29772.31,60000
20,2026-03-29 21:00,buy,1.296600,81.2512,105.35,19943.69,64.320300,81.2512,365.1265,29666.96,60000
21,2026-03-29 23:00,sell,1.971500,82.1382,161.94,19899.86,62.348800,82.1382,363.1550,29828.90,60000
22,2026-03-30 01:00,sell,2.203842,83.1474,183.24,19979.80,60.144957,83.1474,360.9511,30012.14,60000
23,2026-03-30 06:00,sell,2.294869,84.2183,193.27,20026.43,57.850088,84.2183,358.6562,30205.41,60000
24,2026-03-30 16:00,buy,1.873491,83.3475,156.15,20071.30,59.723579,83.3475,360.5297,30049.26,60000
25,2026-03-30 17:00,buy,1.908555,82.4743,157.41,20014.69,61.632135,82.4743,362.4383,29891.85,60000
26,2026-03-30 20:00,sell,1.929190,83.3618,160.82,19987.28,59.702944,83.3618,360.5091,30052.67,60000
27,2026-03-30 22:00,buy,1.848514,82.5156,152.53,19988.87,61.551458,82.5156,362.3576,29900.14,60000
28,2026-03-31 00:00,sell,1.792391,83.3400,149.38,19984.89,59.759067,83.3400,360.5652,30049.52,60000
29,2026-03-31 07:00,buy,2.150069,82.3578,177.08,20008.42,61.909136,82.3578,362.7153,29872.44,60000
30,2026-03-31 08:00,buy,1.928160,81.4914,157.13,19957.10,63.837296,81.4914,364.6435,29715.32,60000
31,2026-03-31 09:00,buy,2.424736,80.4219,195.00,19848.69,66.262032,80.4219,367.0682,29520.31,60000
32,2026-03-31 12:00,sell,2.272534,81.4302,185.05,19865.22,63.989498,81.4302,364.7957,29705.37,60000
33,2026-03-31 13:00,buy,2.220769,80.4506,178.66,19937.66,64.042290,80.4506,367.0164,29526.70,60000
34,2026-03-31 13:00,sell,2.167977,82.4097,178.66,19937.66,64.042290,82.4097,364.8485,29705.37,60000
35,2026-03-31 14:00,buy,0.335841,81.2688,27.29,19859.28,64.378131,81.2688,365.1843,29678.07,60000
36,2026-03-31 15:00,sell,2.501398,82.3976,206.11,19878.35,61.876732,82.3976,362.6829,29884.18,60000
37,2026-04-01 03:00,sell,2.710521,83.6478,226.73,20037.71,59.166211,83.6478,359.9724,30110.91,60000
38,2026-04-01 05:00,sell,1.649751,84.4216,139.27,20079.45,57.516460,84.4216,358.3226,30250.19,60000
39,2026-04-01 07:00,buy,1.688388,83.6335,141.21,20062.40,59.204848,83.6335,360.0110,30108.98,60000
40,2026-04-01 11:00,buy,1.702184,82.8500,141.03,20035.32,60.907033,82.8500,361.7132,29967.95,60000
41,2026-04-01 14:00,sell,1.539125,83.5612,128.61,20036.67,59.367907,83.5612,360.1741,30096.57,60000
42,2026-04-01 15:00,sell,1.694523,84.3549,142.94,20051.43,57.673384,84.3549,358.4795,30239.51,60000
43,2026-04-01 16:00,sell,2.074828,85.3428,177.07,20145.45,55.598556,85.3428,356.4047,30416.58,60000
44,2026-04-01 17:00,buy,2.490282,84.1666,209.60,20100.31,58.088838,84.1666,358.8950,30206.98,60000
45,2026-04-01 19:00,buy,2.474191,83.0219,205.41,20067.25,60.563029,83.0219,361.3692,30001.57,60000
46,2026-04-01 20:00,buy,2.564246,81.8602,209.91,19992.55,63.127276,81.8602,363.9334,29791.66,60000
47,2026-04-02 00:00,buy,2.802256,80.6187,225.91,19935.82,65.929532,80.6187,366.7357,29565.74,60000
48,2026-04-02 01:00,buy,3.000447,79.3207,238.00,19784.66,68.929979,79.3207,369.7361,29327.75,59355
49,2026-04-02 11:00,buy,2.992514,78.0572,233.59,19714.90,71.922492,78.0572,372.7287,29094.16,59355
50,2026-04-02 12:00,buy,1.871966,77.2809,144.67,19690.14,73.794458,77.2809,374.6006,28949.49,59355
51,2026-04-02 13:00,sell,1.835100,78.8335,144.67,19676.49,69.851938,78.8335,372.7655,29094.16,59355
52,2026-04-02 13:00,sell,2.107420,78.1604,164.72,19676.49,69.851938,78.1604,370.6581,29258.88,59355
53,2026-04-02 14:00,sell,0.657167,79.2185,52.06,19769.44,69.194772,79.2185,370.0009,29310.94,59355
54,2026-04-03 10:00,sell,2.390614,80.2556,191.86,19844.89,66.804157,80.2556,367.6103,29502.80,59355
55,2026-04-03 11:00,buy,1.400013,79.6490,111.51,19847.69,66.825165,79.6490,369.0103,29391.29,59355
56,2026-04-03 11:00,sell,1.379006,80.8623,111.51,19847.69,66.825165,80.8623,367.6313,29502.80,59355
57,2026-04-03 12:00,buy,0.317840,80.1125,25.46,19791.29,67.143004,80.1125,367.9492,29477.33,59355
58,2026-04-04 14:00,sell,1.615734,80.8223,130.59,19859.73,65.527270,80.8223,366.3334,29607.92,59355
59,2026-04-04 15:00,sell,1.135970,81.3267,92.38,19909.05,64.391301,81.3267,365.1975,29700.30,59355
60,2026-04-04 16:00,buy,1.183666,80.8029,95.64,19886.35,65.574967,80.8029,366.3811,29604.66,59355
61,2026-04-04 18:00,sell,1.148877,81.3129,93.42,19892.70,64.426089,81.3129,365.2322,29698.08,59355
62,2026-04-04 19:00,buy,1.149699,80.8041,92.90,19893.96,65.575789,80.8041,366.3819,29605.18,59355
63,2026-04-05 03:00,buy,1.081460,80.3299,86.87,19873.78,66.657248,80.3299,367.4634,29518.31,59355
64,2026-04-05 05:00,buy,0.766446,79.9962,61.31,19857.29,67.423694,79.9962,368.2299,29456.99,59355
65,2026-04-05 06:00,buy,0.956625,79.5827,76.13,19809.35,68.380319,79.5827,369.1865,29380.86,59355
66,2026-04-05 09:00,sell,0.940839,79.9904,75.26,19825.84,67.439480,79.9904,368.2456,29456.12,59355
67,2026-04-05 11:00,buy,0.864453,79.6166,68.82,19831.42,68.303933,79.6166,369.1101,29387.29,59355
68,2026-04-05 12:00,buy,1.057824,79.1629,83.74,19769.70,69.361757,79.1629,370.1679,29303.55,59355
69,2026-04-05 14:00,sell,1.139911,79.6534,90.80,19789.44,68.221847,79.6534,369.0280,29394.35,59355
70,2026-04-05 21:00,sell,1.348114,80.2397,108.17,19820.71,66.873732,80.2397,367.6799,29502.52,59355
71,2026-04-05 22:00,sell,1.589878,80.9397,128.68,19877.33,65.283855,80.9397,366.0900,29631.21,59355
72,2026-04-05 23:00,sell,1.856475,81.7690,151.80,19962.47,63.427380,81.7690,364.2335,29783.01,59355
73,2026-04-06 01:00,sell,1.901442,82.6317,157.12,19952.04,61.525938,82.6317,362.3321,29940.13,59355
74,2026-04-06 05:00,buy,1.962501,81.7462,160.43,19964.48,63.488439,81.7462,364.2946,29779.70,59355
75,2026-04-06 08:00,sell,1.733091,82.5315,143.03,19970.99,61.755348,82.5315,362.5615,29922.74,59355
76,2026-04-06 15:00,buy,1.803140,81.7187,147.35,19989.76,63.558488,81.7187,364.3646,29775.39,59355
77,2026-04-06 21:00,buy,1.562364,81.0238,126.59,19939.50,65.120851,81.0238,365.9270,29648.80,59355
78,2026-04-06 22:00,buy,1.608508,80.3177,129.19,19853.83,66.729359,80.3177,367.5355,29519.61,59355
79,2026-04-06 23:00,buy,1.624907,79.6137,129.36,19845.03,68.354266,79.6137,369.1604,29390.24,59355
80,2026-04-07 07:00,sell,1.595320,80.3078,128.12,19834.67,66.758947,80.3078,367.5651,29518.36,59355
81,2026-04-07 09:00,buy,1.245699,79.7672,99.37,19869.38,68.004646,79.7672,368.8108,29418.99,59355
82,2026-04-07 10:00,buy,1.452613,79.1437,114.97,19800.91,69.457259,79.1437,370.2634,29304.03,59355
83,2026-04-07 13:00,buy,1.462487,78.5234,114.84,19767.28,70.919746,78.5234,371.7259,29189.19,59355
84,2026-04-07 15:00,sell,1.431051,79.1327,113.24,19766.14,69.488695,79.1327,370.2949,29302.43,59355
85,2026-04-07 16:00,sell,1.393554,79.7328,111.11,19769.29,68.095141,79.7328,368.9013,29413.54,59355
86,2026-04-07 18:00,sell,1.853715,80.5423,149.30,19841.09,66.241426,80.5423,367.0476,29562.85,59355
87,2026-04-07 19:00,sell,2.139101,81.4921,174.32,19953.23,64.102325,81.4921,364.9085,29737.17,59355
88,2026-04-07 20:00,sell,2.052577,82.4193,169.17,19973.92,62.049748,82.4193,362.8559,29906.34,59355
89,2026-04-07 21:00,sell,2.145323,83.4056,178.93,20035.59,59.904426,83.4056,360.7106,30085.27,59355
90,2026-04-07 22:00,sell,2.485342,84.5710,210.19,20172.70,57.419083,84.5710,358.2252,30295.46,59355
91,2026-04-07 23:00,sell,2.641757,85.8370,226.76,20191.58,54.777327,85.8370,355.5835,30522.22,59355
92,2026-04-08 00:00,buy,2.767990,84.5211,233.95,20148.76,57.545316,84.5211,358.3515,30288.26,59355
93,2026-04-08 13:00,buy,2.604728,83.3100,217.00,20109.03,60.150044,83.3100,360.9562,30071.26,59355
94,2026-04-08 16:00,sell,1.827893,84.1624,153.84,20076.43,58.322151,84.1624,359.1283,30225.10,59355
95,2026-04-08 17:00,buy,1.727279,83.3605,143.99,20105.93,60.049430,83.3605,360.8556,30081.12,59355
96,2026-04-08 22:00,buy,1.872605,82.5043,154.50,20024.94,61.922034,82.5043,362.7282,29926.62,59355
97,2026-04-09 00:00,buy,1.617716,81.7748,132.29,19999.51,63.539751,81.7748,364.3459,29794.33,59355
98,2026-04-09 06:00,sell,1.552119,82.4776,128.01,19997.94,61.987632,82.4776,362.7938,29922.35,59355
99,2026-04-09 11:00,buy,1.158204,81.9543,94.92,19998.10,63.145836,81.9543,363.9520,29827.43,59355
100,2026-04-09 13:00,buy,1.141035,81.4436,92.93,19978.92,64.286871,81.4436,365.0930,29734.50,59355
101,2026-04-09 14:00,sell,1.126903,82.4650,92.93,19999.41,61.815120,82.4650,363.9661,29827.43,59355
102,2026-04-09 14:00,sell,1.344847,82.0481,110.34,19999.41,61.815120,82.0481,362.6213,29937.77,59355
103,2026-04-09 15:00,sell,0.619995,82.8426,51.36,20095.23,61.195125,82.8426,362.0013,29989.13,59355
104,2026-04-09 16:00,sell,1.869519,83.7072,156.49,20090.84,59.325607,83.7072,360.1318,30145.62,59355
105,2026-04-09 17:00,sell,1.887314,84.5939,159.66,20148.12,57.438292,84.5939,358.2445,30305.28,59355
106,2026-04-09 18:00,buy,2.002138,83.6588,167.50,20101.19,59.440431,83.6588,360.2466,30137.78,59355
107,2026-04-09 20:00,sell,1.981218,84.5892,167.59,20127.24,57.459212,84.5892,358.2654,30305.37,59355
108,2026-04-09 21:00,sell,1.737182,85.4175,148.39,20129.66,55.722030,85.4175,356.5282,30453.76,59355
109,2026-04-09 22:00,buy,1.771542,83.7608,148.39,20113.22,59.572317,83.7608,358.2997,30305.37,59355
110,2026-04-09 22:00,buy,2.078745,84.4330,175.51,20113.22,59.572317,84.4330,360.3785,30129.86,59355
111,2026-04-09 23:00,buy,0.319167,83.4583,26.64,20073.83,59.891484,83.4583,360.6976,30103.22,59355
112,2026-04-10 11:00,sell,1.948100,84.3697,164.36,20086.70,57.943384,84.3697,358.7495,30267.58,59355
113,2026-04-10 12:00,buy,1.398468,83.7170,117.08,20121.32,59.341852,83.7170,360.1480,30150.50,59355
114,2026-04-10 13:00,sell,1.376997,85.0224,117.08,20131.78,56.527385,85.0224,358.7710,30267.58,59355
115,2026-04-10 13:00,sell,1.437470,84.3906,121.31,20131.78,56.527385,84.3906,357.3335,30388.89,59355
116,2026-04-10 14:00,sell,0.149042,85.1145,12.69,20177.56,56.378343,85.1145,357.1845,30401.57,59355
117,2026-04-10 15:00,buy,1.755841,84.2858,147.99,20130.56,58.134185,84.2858,358.9403,30253.58,59355
118,2026-04-10 17:00,sell,1.730961,85.1067,147.32,20167.43,56.403224,85.1067,357.2094,30400.90,59355
119,2026-04-11 02:00,buy,1.599069,84.3515,134.88,20164.08,58.002293,84.3515,358.8085,30266.01,59355
120,2026-04-11 10:00,buy,1.110344,83.8326,93.08,20120.74,59.112638,83.8326,359.9188,30172.93,59355
121,2026-04-11 11:00,sell,0.996090,84.2992,83.97,20131.35,58.116547,84.2992,358.9227,30256.90,59355
122,2026-04-11 14:00,sell,1.000048,84.7716,84.78,20139.80,57.116500,84.7716,357.9227,30341.68,59355
123,2026-04-11 15:00,sell,1.030862,85.2627,87.89,20156.88,56.085637,85.2627,356.8918,30429.57,59355
124,2026-04-11 16:00,buy,1.121082,84.7304,94.99,20174.45,57.206719,84.7304,358.0129,30334.58,59355
125,2026-04-11 17:00,sell,1.107170,85.7951,94.99,20165.54,55.038265,85.7951,356.9057,30429.57,59355
126,2026-04-11 17:00,sell,1.061284,85.2358,90.46,20165.54,55.038265,85.2358,355.8444,30520.03,59355
127,2026-04-11 18:00,sell,0.125387,85.8284,10.76,20202.99,54.912879,85.8284,355.7190,30530.79,59355
128,2026-04-11 19:00,buy,1.305955,85.2028,111.27,20233.04,56.218834,85.2028,357.0250,30419.52,59355
129,2026-04-11 21:00,sell,1.393203,85.8730,119.64,20195.45,54.825630,85.8730,355.6318,30539.16,59355
130,2026-04-11 22:00,buy,1.415295,84.5326,119.64,20193.67,57.691123,84.5326,357.0471,30419.52,59355
131,2026-04-11 22:00,buy,1.450198,85.1783,123.53,20193.67,57.691123,85.1783,358.4973,30296.00,59355
132,2026-04-12 00:00,buy,0.070865,84.4749,5.99,20171.19,57.761988,84.4749,358.5681,30290.01,59355
133,2026-04-12 01:00,buy,2.049986,83.5199,171.21,20018.92,59.811974,83.5199,360.6181,30118.79,59355
134,2026-04-12 02:00,buy,2.154801,82.5336,177.84,20041.16,61.966775,82.5336,362.7729,29940.95,59355
135,2026-04-12 13:00,buy,2.039044,81.6161,166.42,19993.22,64.005819,81.6161,364.8120,29774.53,59355
136,2026-04-12 16:00,sell,1.253781,82.1810,103.04,19992.86,62.752038,82.1810,363.5582,29877.57,59355
137,2026-04-12 19:00,sell,1.179167,82.7176,97.54,19999.90,61.572871,82.7176,362.3790,29975.11,59355
138,2026-04-12 21:00,buy,1.210345,82.1687,99.45,20050.43,62.783216,82.1687,363.5894,29875.65,59355
139,2026-04-12 22:00,buy,1.464070,81.5122,119.34,20000.14,64.247286,81.5122,365.0534,29756.31,59355
140,2026-04-12 23:00,sell,1.473953,82.1758,121.12,19972.69,62.773333,82.1758,363.5795,29877.44,59355
141,2026-04-13 12:00,sell,1.501629,82.8603,124.43,20035.82,61.271704,82.8603,362.0779,30001.86,59355
142,2026-04-13 13:00,sell,1.470208,83.5387,122.82,20100.55,59.801496,83.5387,360.6077,30124.68,59355
143,2026-04-13 14:00,buy,1.584984,82.8107,131.25,20111.50,61.386480,82.8107,362.1926,29993.43,59355
144,2026-04-13 16:00,sell,1.790439,83.6376,149.75,20086.69,59.596041,83.6376,360.4022,30143.18,59355
145,2026-04-13 17:00,buy,1.915434,82.7579,158.52,20069.21,61.511475,82.7579,362.3176,29984.66,59355
146,2026-04-13 18:00,sell,1.851144,83.6123,154.78,20079.65,59.660331,83.6123,360.4665,30139.44,59355
147,2026-04-13 21:00,sell,1.906273,84.5061,161.09,20124.69,57.754057,84.5061,358.5602,30300.53,59355
148,2026-04-13 22:00,sell,2.117548,85.5162,181.08,20254.12,55.636510,85.5162,356.4427,30481.61,59355
149,2026-04-13 23:00,sell,2.050589,86.5116,177.40,20270.08,53.585920,86.5116,354.3921,30659.01,59355
150,2026-04-14 04:00,buy,2.170084,85.4649,185.47,20237.60,55.756004,85.4649,356.5622,30473.55,59355
151,2026-04-14 07:00,sell,1.548807,86.2139,133.53,20237.42,54.207197,86.2139,355.0134,30607.08,59355
152,2026-04-14 12:00,sell,1.393202,86.8959,121.06,20242.94,52.813995,86.8959,353.6202,30728.14,59355
153,2026-04-14 13:00,buy,1.435583,86.1960,123.74,20315.47,52.836934,86.1960,355.0557,30604.40,59355
154,2026-04-14 13:00,sell,1.412644,87.5958,123.74,20315.47,52.836934,87.5958,353.6431,30728.14,59355
155,2026-04-14 14:00,buy,0.249400,86.7679,21.64,20247.63,53.086334,86.7679,353.8925,30706.50,59355
156,2026-04-14 15:00,buy,1.771690,85.9077,152.20,20243.84,54.858024,85.9077,355.6642,30554.30,59355
157,2026-04-14 16:00,buy,1.950724,84.9756,165.76,20193.88,56.808748,84.9756,357.6149,30388.53,59355
158,2026-04-14 17:00,buy,1.930952,84.0677,162.33,20207.93,58.739700,84.0677,359.5459,30226.20,59355
159,2026-04-15 04:00,buy,2.144037,83.0769,178.12,20111.95,60.883737,83.0769,361.6899,30048.08,59355
160,2026-04-15 11:00,sell,1.417779,83.7334,118.72,20112.02,59.465958,83.7334,360.2721,30166.80,59355
161,2026-04-15 13:00,sell,1.250975,84.3189,105.48,20114.56,58.214983,84.3189,359.0211,30272.28,59355
162,2026-04-15 14:00,buy,1.401390,83.6658,117.25,20154.93,59.616373,83.6658,360.4225,30155.03,59355
163,2026-04-15 15:00,sell,1.485508,84.3612,125.32,20136.86,58.130865,84.3612,358.9370,30280.35,59355
164,2026-04-15 16:00,sell,1.496472,85.0705,127.31,20168.92,56.634393,85.0705,357.4406,30407.66,59355
165,2026-04-15 18:00,sell,1.475334,85.7786,126.55,20197.65,55.159059,85.7786,355.9652,30534.21,59355
166,2026-04-15 19:00,buy,1.477408,85.0725,125.69,20224.65,56.636467,85.0725,357.4426,30408.52,59355
167,2026-04-15 20:00,buy,1.559730,84.3364,131.54,20184.44,58.196196,84.3364,359.0024,30276.98,59355
168,2026-04-15 21:00,sell,1.545726,85.0690,131.49,20184.18,56.650470,85.0690,357.4566,30408.47,59355
169,2026-04-16 12:00,buy,1.588772,84.3194,133.96,20220.27,56.678223,84.3194,359.0454,30274.51,59355
170,2026-04-16 12:00,sell,1.561020,85.8185,133.96,20220.27,56.678223,85.8185,357.4844,30408.47,59355
171,2026-04-16 14:00,sell,3.157564,86.5921,273.42,20224.36,53.520659,86.5921,354.3268,30681.89,59355
172,2026-04-16 17:00,sell,2.054305,87.6079,179.97,20293.58,51.466354,87.6079,352.2725,30861.87,59355
173,2026-04-16 18:00,sell,2.534032,88.8867,225.24,20414.50,48.932322,88.8867,349.7385,31087.11,59355
174,2026-04-16 19:00,sell,2.536495,90.1950,228.78,20467.85,46.395827,90.1950,347.2020,31315.89,59355
175,2026-04-16 20:00,buy,2.550330,88.8892,226.70,20445.75,48.946156,88.8892,349.7523,31089.19,59355
176,2026-04-17 01:00,buy,2.538265,87.6174,222.40,20381.03,51.484422,87.6174,352.2906,30866.80,59355
177,2026-04-17 07:00,sell,1.983731,88.6154,175.79,20376.16,49.500690,88.6154,350.3069,31042.58,59355
178,2026-04-17 08:00,sell,1.593642,89.4291,142.52,20416.89,47.907048,89.4291,348.7132,31185.10,59355
179,2026-04-17 09:00,buy,1.623179,87.8017,142.52,20407.31,51.241478,87.8017,350.3364,31042.58,59355
180,2026-04-17 09:00,buy,1.711250,88.5599,151.55,20407.31,51.241478,88.5599,352.0476,30891.04,59355
181,2026-04-17 12:00,sell,3.447924,89.4999,308.59,20418.32,47.793554,89.4999,348.5997,31199.62,59355
182,2026-04-17 13:00,sell,2.037059,90.5582,184.47,20478.28,45.756495,90.5582,346.5627,31384.10,59355
183,2026-04-17 14:00,buy,2.059979,89.4943,184.36,20474.62,47.816475,89.4943,348.6226,31199.74,59355
184,2026-04-17 15:00,sell,1.955529,90.5097,176.99,20471.71,45.860946,90.5097,346.6671,31376.74,59355
185,2026-04-17 16:00,buy,1.884290,89.5364,168.71,20495.24,47.745236,89.5364,348.5514,31208.02,59355
186,2026-04-17 19:00,buy,2.015323,88.5128,178.38,20439.71,49.760558,88.5128,350.5667,31029.64,59355
187,2026-04-17 21:00,sell,1.850245,89.4571,165.52,20434.20,47.910313,89.4571,348.7165,31195.16,59355
188,2026-04-17 22:00,buy,1.641302,88.6228,145.46,20439.82,49.551615,88.6228,350.3578,31049.70,59355
189,2026-04-18 07:00,buy,1.634019,87.8038,143.47,20402.58,51.185633,87.8038,351.9918,30906.23,59355
190,2026-04-18 08:00,buy,1.317620,87.1514,114.83,20356.92,52.503253,87.1514,353.3094,30791.40,59355
191,2026-04-18 10:00,buy,1.301676,86.5139,112.61,20326.42,53.804929,86.5139,354.6111,30678.78,59355
192,2026-04-18 17:00,buy,1.384247,85.8437,118.83,20315.70,55.189176,85.8437,355.9953,30559.95,59355
193,2026-04-18 22:00,sell,1.232637,86.4423,106.55,20290.95,53.956540,86.4423,354.7627,30666.51,59355
194,2026-04-18 23:00,buy,0.958704,85.9776,82.43,20283.47,54.915243,85.9776,355.7214,30584.08,59355
195,2026-04-19 01:00,buy,0.981942,85.5056,83.96,20262.22,55.897185,85.5056,356.7033,30500.12,59355
196,2026-04-19 06:00,buy,1.070248,84.9955,90.97,20245.29,56.967433,84.9955,357.7736,30409.15,59355
197,2026-04-19 10:00,sell,1.240580,85.5891,106.18,20208.58,55.726853,85.5891,356.5330,30515.33,59355
198,2026-04-19 12:00,sell,1.263374,86.2000,108.90,20264.71,54.463479,86.2000,355.2696,30624.23,59355
199,2026-04-19 13:00,sell,1.362391,86.8662,118.35,20295.27,53.101088,86.8662,353.9072,30742.58,59355
200,2026-04-19 14:00,buy,1.498430,86.1368,129.07,20305.82,54.599518,86.1368,355.4057,30613.51,59355
201,2026-04-19 16:00,buy,1.615773,85.3607,137.92,20269.34,56.215291,85.3607,357.0215,30475.59,59355
202,2026-04-19 21:00,buy,1.699711,84.5556,143.72,20204.22,57.915002,84.5556,358.7212,30331.87,59355
203,2026-04-19 22:00,buy,1.788586,83.7207,149.74,20150.28,59.703588,83.7207,360.5097,30182.12,59355
204,2026-04-20 00:00,sell,1.671378,84.5042,141.24,20165.31,58.032210,84.5042,358.8384,30323.36,59355
205,2026-04-20 01:00,buy,1.642878,83.7375,137.57,20187.08,59.675088,83.7375,360.4812,30185.79,59355
206,2026-04-20 02:00,sell,1.608154,84.4913,135.88,20178.45,58.066934,84.4913,358.8731,30321.67,59355
207,2026-04-20 04:00,buy,1.539360,83.7727,128.96,20201.05,59.606294,83.7727,360.4125,30192.71,59355
208,2026-04-20 05:00,sell,1.479359,84.4661,124.96,20160.06,58.126935,84.4661,358.9331,30317.67,59355
209,2026-04-20 06:00,sell,1.538345,85.1964,131.06,20195.35,56.588590,85.1964,357.3948,30448.73,59355
210,2026-04-20 16:00,sell,1.680716,86.0053,144.55,20243.90,54.907874,86.0053,355.7140,30593.28,59355
211,2026-04-21 02:00,buy,1.758177,85.1634,149.73,20241.18,56.666051,85.1634,357.4722,30443.55,59355
212,2026-04-21 04:00,sell,1.181411,85.7301,101.28,20251.07,55.484640,85.7301,356.2908,30544.83,59355
213,2026-04-21 05:00,buy,1.115805,85.1964,95.06,20265.38,56.600446,85.1964,357.4066,30449.77,59355
214,2026-04-21 06:00,sell,1.174836,85.7602,100.75,20265.37,55.425609,85.7602,356.2318,30550.52,59355
215,2026-04-21 07:00,sell,1.165019,86.3249,100.57,20267.65,54.260591,86.3249,355.0668,30651.09,59355
216,2026-04-21 08:00,buy,1.220370,85.7355,104.63,20272.51,55.480960,85.7355,356.2871,30546.46,59355
217,2026-04-21 09:00,sell,1.161711,86.2983,100.25,20277.88,54.319250,86.2983,355.1254,30646.72,59355
218,2026-04-21 10:00,buy,1.142520,85.7466,97.97,20292.92,55.461770,85.7466,356.2679,30548.75,59355
219,2026-04-21 11:00,buy,1.125078,85.2084,95.87,20276.35,56.586848,85.2084,357.3930,30452.88,59355
220,2026-04-21 12:00,sell,1.213127,85.7908,104.08,20257.35,55.373722,85.7908,356.1799,30556.96,59355
221,2026-04-21 13:00,sell,1.192006,86.3689,102.95,20275.07,54.181716,86.3689,354.9879,30659.91,59355
222,2026-04-21 14:00,buy,1.391165,85.6972,119.22,20272.34,55.572881,85.6972,356.3790,30540.69,59355
223,2026-04-21 16:00,buy,1.466339,84.9978,124.64,20269.35,57.039220,84.9978,357.8454,30416.06,59355
224,2026-04-21 19:00,sell,1.548395,85.7397,132.76,20206.58,55.490825,85.7397,356.2970,30548.81,59355
225,2026-04-22 01:00,sell,1.826237,86.6278,158.20,20301.41,53.664588,86.6278,354.4707,30707.02,59355
226,2026-04-22 02:00,sell,1.623537,87.4287,141.94,20362.99,52.041051,87.4287,352.8472,30848.96,59355
227,2026-04-22 04:00,sell,1.587989,88.2228,140.10,20346.97,50.453062,88.2228,351.2592,30989.06,59355
228,2026-04-22 12:00,sell,1.605759,89.0368,142.97,20423.24,48.847303,89.0368,349.6535,31132.03,59355
229,2026-04-22 14:00,buy,1.276946,88.3912,112.87,20431.39,50.124249,88.3912,350.9304,31019.16,59355
230,2026-04-22 15:00,buy,1.385503,87.6987,121.51,20404.38,51.509752,87.6987,352.3159,30897.65,59355
231,2026-04-22 22:00,buy,1.466697,86.9746,127.57,20365.78,52.976449,86.9746,353.7826,30770.09,59355
232,2026-04-22 23:00,buy,1.243497,86.3674,107.40,20336.09,54.219947,86.3674,355.0261,30662.69,59355
233,2026-04-23 02:00,buy,1.424417,85.6799,122.04,20286.45,55.644364,85.6799,356.4505,30540.64,59355
234,2026-04-23 14:00,sell,1.415715,86.3659,122.27,20292.90,54.228649,86.3659,355.0348,30662.91,59355
235,2026-04-23 15:00,buy,1.167248,85.8018,100.15,20310.26,55.395896,85.8018,356.2021,30562.76,59355
236,2026-04-23 16:00,buy,1.200102,85.2275,102.28,20280.95,56.595998,85.2275,357.4022,30460.48,59355
237,2026-04-23 20:00,sell,1.423555,85.9119,122.30,20269.38,55.172443,85.9119,355.9786,30582.78,59355
238,2026-04-24 03:00,buy,1.248176,85.3136,106.49,20274.15,56.420618,85.3136,357.2268,30476.29,59355
239,2026-04-24 10:00,sell,1.144279,85.8637,98.25,20275.91,55.276339,85.8637,356.0825,30574.55,59355
240,2026-04-24 11:00,sell,1.080573,86.3880,93.35,20302.56,54.195766,86.3880,355.0019,30667.90,59355
241,2026-04-24 13:00,buy,1.140932,85.8362,97.93,20296.23,55.336698,85.8362,356.1429,30569.96,59355
242,2026-04-24 14:00,sell,1.184091,86.4108,102.32,20294.90,54.152607,86.4108,354.9588,30672.28,59355
243,2026-04-25 15:00,buy,1.314534,85.7755,112.75,20304.57,55.467141,85.7755,356.2733,30559.53,59355
244,2026-04-25 21:00,sell,0.786716,86.1560,67.78,20287.51,54.680426,86.1560,355.4866,30627.31,59355
245,2026-04-26 03:00,sell,0.690054,86.4918,59.68,20292.17,53.990372,86.4918,354.7965,30686.99,59355
246,2026-04-26 11:00,buy,0.847276,86.0807,72.93,20319.44,54.837647,86.0807,355.6438,30614.06,59355
247,2026-04-26 13:00,sell,0.680377,86.4113,58.79,20299.28,54.157270,86.4113,354.9634,30672.85,59355
248,2026-04-26 17:00,sell,0.698997,86.7530,60.64,20321.58,53.458273,86.7530,354.2644,30733.49,59355
249,2026-04-26 18:00,sell,0.704464,87.0994,61.36,20337.22,52.753809,87.0994,353.5600,30794.85,59355
250,2026-04-26 19:00,buy,0.753239,86.7298,65.33,20340.97,53.507048,86.7298,354.3132,30729.52,59355
251,2026-04-26 20:00,buy,0.749958,86.3642,64.77,20330.69,53.513344,86.3642,355.0632,30664.75,59355
252,2026-04-26 20:00,sell,0.743662,87.0954,64.77,20330.69,53.513344,87.0954,354.3195,30729.52,59355
253,2026-04-26 21:00,buy,0.156155,86.6519,13.53,20337.66,53.669499,86.6519,354.4757,30715.99,59355
254,2026-04-26 22:00,sell,1.049964,87.1683,91.52,20333.19,52.619535,87.1683,353.4257,30807.51,59355
255,2026-04-26 23:00,buy,1.086911,86.6354,94.16,20343.94,53.706446,86.6354,354.5126,30713.35,59355
256,2026-04-27 00:00,sell,1.073703,87.7012,94.16,20366.01,51.458353,87.7012,353.4389,30807.51,59355
257,2026-04-27 00:00,sell,1.174390,87.2132,102.42,20366.01,51.458353,87.2132,352.2645,30909.93,59355
258,2026-04-27 01:00,sell,0.100919,87.7967,8.86,20390.69,51.357433,87.7967,352.1636,30918.79,59355
259,2026-04-27 04:00,buy,1.214977,87.1950,105.94,20375.58,52.572411,87.1950,353.3786,30812.85,59355
260,2026-04-27 05:00,buy,1.453414,86.4836,125.70,20292.14,54.025824,86.4836,354.8320,30687.16,59355
261,2026-04-27 06:00,buy,1.451643,85.7817,124.52,20279.50,55.477467,85.7817,356.2836,30562.63,59355
262,2026-04-27 07:00,buy,1.421239,85.1028,120.95,20254.65,56.898707,85.1028,357.7049,30441.68,59355
263,2026-04-27 13:00,sell,1.360725,85.7552,116.69,20247.42,55.537982,85.7552,356.3441,30558.37,59355
264,2026-04-27 14:00,buy,1.381750,84.4504,116.69,20253.89,58.133668,84.4504,357.7259,30441.68,59355
265,2026-04-27 14:00,buy,1.213937,85.1749,103.40,20253.89,58.133668,85.1749,358.9398,30338.28,59355
266,2026-04-27 15:00,buy,0.137345,84.4573,11.60,20192.22,58.271013,84.4573,359.0772,30326.68,59355
267,2026-04-28 05:00,buy,1.435518,83.7874,120.28,20195.04,59.706531,83.7874,360.5127,30206.41,59355
268,2026-04-28 11:00,buy,1.096816,83.2806,91.34,20147.93,60.803348,83.2806,361.6095,30115.06,59355
269,2026-04-28 12:00,sell,1.013504,83.7501,84.88,20163.73,59.789843,83.7501,360.5960,30199.94,59355
270,2026-04-28 13:00,buy,1.112362,83.2365,92.59,20155.60,60.902206,83.2365,361.7084,30107.35,59355
271,2026-04-28 16:00,sell,1.125109,83.7576,94.24,20158.14,59.777097,83.7576,360.5833,30201.59,59355
272,2026-04-29 02:00,sell,1.005320,84.2273,84.68,20186.33,58.771777,84.2273,359.5779,30286.27,59355
273,2026-04-29 03:00,sell,0.906107,84.6539,76.71,20218.63,57.865670,84.6539,358.6718,30362.97,59355
274,2026-04-29 08:00,buy,0.960735,84.2028,80.90,20214.12,57.875854,84.2028,359.6326,30282.07,59355
275,2026-04-29 08:00,sell,0.950550,85.1050,80.90,20214.12,57.875854,85.1050,358.6820,30362.97,59355
276,2026-04-29 11:00,buy,0.455754,84.4369,38.48,20237.45,58.331608,84.4369,359.1378,30324.49,59355
277,2026-04-29 12:00,buy,1.394245,83.7864,116.82,20198.88,59.725854,83.7864,360.5320,30207.67,59355
278,2026-04-29 14:00,buy,1.404623,83.1386,116.78,20176.47,61.130476,83.1386,361.9366,30090.89,59355
279,2026-04-29 17:00,buy,1.441046,82.4818,118.86,20147.66,62.571523,82.4818,363.3777,29972.03,59355
280,2026-04-29 23:00,sell,1.832657,83.3222,152.70,20128.61,60.738866,83.3222,361.5450,30124.73,59355
281,2026-04-30 03:00,buy,1.494948,82.6388,123.54,20129.72,62.233815,82.6388,363.0400,30001.19,59355
282,2026-04-30 06:00,sell,1.483974,83.3200,123.64,20123.30,60.749840,83.3200,361.5560,30124.84,59355
283,2026-05-01 02:00,sell,1.360762,83.9519,114.24,20164.34,59.389078,83.9519,360.1952,30239.08,59355
284,2026-05-01 11:00,sell,0.965716,84.4045,81.51,20187.81,58.423362,84.4045,359.2295,30320.59,59355
285,2026-05-01 12:00,sell,0.924626,84.8412,78.45,20203.45,57.498736,84.8412,358.3049,30399.03,59355
286,2026-05-01 13:00,buy,0.934245,83.9677,78.45,20223.66,59.412144,83.9677,359.2391,30320.59,59355
287,2026-05-01 13:00,buy,0.979163,84.3801,82.62,20223.66,59.412144,84.3801,360.2183,30237.96,59355
288,2026-05-01 18:00,buy,0.161219,83.8684,13.52,20186.83,59.573363,83.8684,360.3795,30224.44,59355
289,2026-05-01 19:00,buy,1.002467,83.4044,83.61,20181.88,60.575830,83.4044,361.3820,30140.83,59355
290,2026-05-01 21:00,sell,1.038533,83.8865,87.12,20171.06,59.537297,83.8865,360.3435,30227.95,59355
291,2026-05-02 20:00,sell,0.961092,84.3364,81.06,20199.11,58.576205,84.3364,359.3824,30309.01,59355
292,2026-05-02 23:00,buy,0.665907,84.0250,55.95,20203.31,59.242111,84.0250,360.0483,30253.05,59355
293,2026-05-03 01:00,buy,0.768775,83.6677,64.32,20172.49,60.010886,83.6677,360.8170,30188.73,59355
294,2026-05-03 06:00,sell,0.725812,84.0057,60.97,20173.81,59.285075,84.0057,360.0912,30249.70,59355
295,2026-05-03 13:00,sell,0.598736,84.2860,50.47,20194.03,58.686339,84.2860,359.4925,30300.17,59355
296,2026-05-03 19:00,sell,0.613425,84.5746,51.88,20209.95,58.072913,84.5746,358.8791,30352.05,59355
297,2026-05-03 20:00,buy,0.617641,83.9973,51.88,20208.36,59.347704,83.9973,359.4967,30300.17,59355
298,2026-05-03 20:00,buy,0.657149,84.2660,55.38,20208.36,59.347704,84.2660,360.1539,30244.79,59355
299,2026-05-03 21:00,sell,0.652371,84.8832,55.38,20197.44,57.347377,84.8832,359.5015,30300.17,59355
300,2026-05-03 21:00,sell,1.347955,84.6108,114.05,20197.44,57.347377,84.6108,358.1535,30414.22,59355
301,2026-05-03 22:00,buy,0.120651,83.9212,10.13,20228.50,58.995504,83.9212,358.2742,30404.10,59355
302,2026-05-03 22:00,buy,1.527475,84.2013,128.62,20228.50,58.995504,84.2013,359.8017,30275.48,59355
303,2026-05-03 23:00,buy,0.904999,83.7237,75.77,20183.76,59.900503,83.7237,360.7067,30199.71,59355
304,2026-05-04 00:00,sell,1.134334,84.6788,96.05,20177.26,57.719876,84.6788,359.5723,30295.76,59355
305,2026-05-04 00:00,sell,1.046293,84.2123,88.11,20177.26,57.719876,84.2123,358.5260,30383.88,59355
306,2026-05-04 01:00,sell,0.188177,84.8357,15.96,20234.39,57.531699,84.8357,358.3379,30399.84,59355
307,2026-05-04 02:00,sell,1.392038,85.5000,119.02,20262.80,56.139661,85.5000,356.9458,30518.86,59355
308,2026-05-04 05:00,buy,1.342581,84.8616,113.93,20270.69,57.482242,84.8616,358.2884,30404.93,59355
309,2026-05-04 09:00,buy,1.377881,84.2139,116.04,20251.60,58.860123,84.2139,359.6663,30288.89,59355
310,2026-05-04 13:00,sell,1.542395,84.9424,131.01,20191.71,57.317728,84.9424,358.1239,30419.90,59355
311,2026-05-04 14:00,buy,1.620515,84.1806,136.42,20249.63,58.938244,84.1806,359.7444,30283.49,59355
312,2026-05-04 16:00,sell,1.732973,84.9995,147.30,20220.32,57.205271,84.9995,358.0114,30430.79,59355
313,2026-05-04 19:00,buy,1.710491,84.1950,144.01,20218.90,58.915762,84.1950,359.7219,30286.77,59355
314,2026-05-05 02:00,sell,1.421400,84.8656,120.63,20222.82,57.494362,84.8656,358.3005,30407.40,59355
315,2026-05-05 12:00,sell,1.052551,85.3672,89.85,20268.78,56.441811,85.3672,357.2480,30497.26,59355
316,2026-05-05 14:00,sell,0.955437,85.8263,82.00,20278.07,55.486373,85.8263,356.2925,30579.26,59355
317,2026-05-05 15:00,buy,1.002327,85.3461,85.54,20279.80,56.488700,85.3461,357.2949,30493.71,59355
318,2026-05-05 17:00,sell,1.060164,85.8556,91.02,20277.87,55.428536,85.8556,356.2347,30584.73,59355
319,2026-05-05 18:00,sell,1.010936,86.3456,87.29,20300.99,54.417600,86.3456,355.2238,30672.02,59355
320,2026-05-05 19:00,sell,1.075547,86.8717,93.43,20335.05,53.342053,86.8717,354.1482,30765.46,59355
321,2026-05-05 20:00,buy,1.066153,86.3518,92.06,20343.81,54.408206,86.3518,355.2144,30673.39,59355
322,2026-05-05 21:00,sell,1.103620,86.8917,95.90,20347.18,53.304586,86.8917,354.1107,30769.29,59355
323,2026-05-05 22:00,buy,1.173137,86.3198,101.26,20339.91,54.477723,86.3198,355.2839,30668.02,59355
324,2026-05-06 00:00,sell,1.149793,86.8821,99.90,20330.03,53.327930,86.8821,354.1341,30767.92,59355
325,2026-05-06 02:00,sell,1.146825,87.4485,100.29,20357.77,52.181105,87.4485,352.9873,30868.21,59355
326,2026-05-06 03:00,buy,1.161673,86.8767,100.92,20381.69,53.342777,86.8767,354.1489,30767.29,59355
327,2026-05-06 05:00,sell,1.208335,87.4736,105.70,20384.87,52.134443,87.4736,352.9406,30872.98,59355
328,2026-05-06 07:00,sell,1.161840,88.0533,102.30,20401.33,50.972603,88.0533,351.7788,30975.29,59355
329,2026-05-06 08:00,sell,1.378970,88.7491,122.38,20467.61,49.593633,88.7491,350.3998,31097.67,59355
330,2026-05-06 09:00,sell,1.428729,89.4788,127.84,20490.29,48.164904,89.4788,348.9711,31225.51,59355
331,2026-05-06 12:00,buy,1.368636,88.7824,121.51,20500.04,49.533540,88.7824,350.3397,31104.00,59355
332,2026-05-06 13:00,buy,1.576188,87.9907,138.69,20434.56,51.109728,87.9907,351.9159,30965.31,59355
333,2026-05-06 14:00,sell,1.723086,88.8608,153.11,20438.78,49.386642,88.8608,350.1928,31118.43,59355
334,2026-05-07 00:00,buy,1.702089,88.0053,149.79,20435.21,51.088731,88.0053,351.8949,30968.63,59355
335,2026-05-07 04:00,sell,1.440015,88.7316,127.77,20438.16,49.648716,88.7316,350.4549,31096.41,59355
336,2026-05-07 06:00,sell,1.312531,89.4012,117.34,20483.38,48.336186,89.4012,349.1423,31213.75,59355
337,2026-05-07 07:00,sell,1.545994,90.2000,139.45,20526.31,46.790191,90.2000,347.5964,31353.20,59355
338,2026-05-07 08:00,buy,1.550598,89.4024,138.63,20499.32,48.340789,89.4024,349.1469,31214.57,59355
339,2026-05-07 12:00,buy,1.466200,88.6578,129.99,20509.03,49.806989,88.6578,350.6131,31084.58,59355
340,2026-05-07 13:00,buy,1.578866,87.8664,138.73,20455.87,51.385856,87.8664,352.1920,30945.85,59355
341,2026-05-07 15:00,sell,1.647548,88.6963,146.13,20438.36,49.738308,88.6963,350.5445,31091.98,59355
342,2026-05-07 20:00,buy,1.613893,87.8870,141.84,20426.08,51.352201,87.8870,352.1584,30950.14,59355
343,2026-05-07 23:00,sell,1.504656,88.6445,133.38,20444.75,49.847545,88.6445,350.6537,31083.52,59355
344,2026-05-08 00:00,buy,1.333353,87.9755,117.30,20437.05,51.180898,87.9755,351.9871,30966.22,59355
345,2026-05-08 07:00,sell,1.270753,88.6153,112.61,20435.38,49.910145,88.6153,350.7163,31078.83,59355
346,2026-05-08 12:00,buy,1.156415,88.0347,101.80,20447.76,51.066560,88.0347,351.8727,30977.02,59355
347,2026-05-08 13:00,sell,1.141361,89.1958,101.80,20442.17,48.832774,89.1958,350.7314,31078.83,59355
348,2026-05-08 13:00,sell,1.092424,88.5848,96.77,20442.17,48.832774,88.5848,349.6389,31175.60,59355
349,2026-05-08 14:00,sell,0.068637,89.2001,6.12,20482.21,48.764137,89.2001,349.5703,31181.72,59355
350,2026-05-08 16:00,sell,1.340344,89.8895,120.48,20503.93,47.423793,89.8895,348.2300,31302.21,59355
351,2026-05-08 17:00,sell,1.704023,90.7779,154.69,20599.97,45.719770,90.7779,346.5259,31456.89,59355
352,2026-05-08 18:00,sell,1.684635,91.6692,154.43,20628.89,44.035134,91.6692,344.8413,31611.32,59355
353,2026-05-08 19:00,sell,1.627999,92.5430,150.66,20641.40,42.407135,92.5430,343.2133,31761.98,59355
354,2026-05-09 00:00,sell,1.553266,93.3883,145.06,20637.15,40.853869,93.3883,341.6600,31907.04,59355
355,2026-05-09 14:00,buy,1.561868,92.5422,144.54,20653.88,42.415737,92.5422,343.2219,31762.50,59355
356,2026-05-09 15:00,sell,1.136095,93.1589,105.84,20659.46,41.279641,93.1589,342.0858,31868.34,59355
357,2026-05-10 07:00,sell,1.125678,93.7761,105.56,20678.28,40.153963,93.7761,340.9601,31973.90,59355
358,2026-05-10 08:00,sell,0.735569,94.1824,69.28,20702.39,39.418394,94.1824,340.2246,32043.18,59355
359,2026-05-10 09:00,buy,0.818247,93.7316,76.70,20712.65,40.236641,93.7316,341.0428,31966.48,59355
360,2026-05-10 10:00,buy,0.904831,93.2368,84.36,20695.02,41.141472,93.2368,341.9476,31882.12,59355
361,2026-05-10 12:00,sell,1.051161,93.8136,98.61,20672.82,40.090311,93.8136,340.8965,31980.73,59355
362,2026-05-10 14:00,sell,1.038500,94.3887,98.02,20696.49,39.051810,94.3887,339.8580,32078.75,59355
363,2026-05-10 16:00,sell,1.066172,94.9847,101.27,20733.65,37.985638,94.9847,338.7918,32180.02,59355
364,2026-05-10 17:00,sell,1.347095,95.7461,128.98,20795.19,36.638543,95.7461,337.4447,32309.00,59355
365,2026-05-10 18:00,sell,1.358575,96.5233,131.13,20792.99,35.279967,96.5233,336.0861,32440.14,59355
366,2026-05-10 19:00,buy,1.380812,94.9688,131.13,20797.32,38.108135,94.9688,337.4669,32309.00,59355
367,2026-05-10 19:00,buy,1.447356,95.6990,138.51,20797.32,38.108135,95.6990,338.9143,32170.49,59355
368,2026-05-10 20:00,buy,0.645484,94.5620,61.04,20722.53,38.753619,94.5620,339.5598,32109.45,59355
369,2026-05-10 21:00,sell,2.015552,95.6981,192.88,20745.31,36.738067,95.6981,337.5442,32302.34,59355
370,2026-05-11 02:00,buy,2.108114,94.5175,199.25,20755.21,38.846181,94.5175,339.6523,32103.09,59355
371,2026-05-11 04:00,sell,1.943654,95.6118,185.84,20743.45,36.902527,95.6118,337.7087,32288.92,59355
372,2026-05-11 12:00,buy,1.852165,94.5744,175.17,20737.42,38.754692,94.5744,339.5609,32113.75,59355
373,2026-05-11 13:00,sell,1.418042,95.3709,135.24,20753.78,37.336649,95.3709,338.1428,32248.99,59355
374,2026-05-11 14:00,sell,1.580034,96.2706,152.11,20753.85,35.756615,96.2706,336.5628,32401.10,59355
375,2026-05-11 15:00,sell,1.786620,97.3037,173.84,20812.16,33.969996,97.3037,334.7762,32574.95,59355
376,2026-05-11 19:00,sell,1.863263,98.3990,183.34,20859.93,32.106733,98.3990,332.9129,32758.29,59355
377,2026-05-11 20:00,buy,1.814527,97.3379,176.62,20842.64,33.921259,97.3379,334.7274,32581.67,59355
378,2026-05-12 00:00,buy,1.708467,96.3543,164.62,20841.11,35.629727,96.3543,336.4359,32417.05,59355
379,2026-05-12 08:00,buy,1.752431,95.3609,167.11,20774.11,37.382158,95.3609,338.1883,32249.94,59355
380,2026-05-12 10:00,buy,1.354674,94.6030,128.16,20750.22,38.736832,94.6030,339.5430,32121.78,59355
381,2026-05-12 11:00,sell,1.332316,95.3513,127.04,20749.44,37.404516,95.3513,338.2107,32248.82,59355
382,2026-05-12 13:00,buy,1.438949,94.5468,136.05,20739.81,38.843466,94.5468,339.6496,32112.77,59355
383,2026-05-12 14:00,buy,1.480597,93.7296,138.78,20734.67,40.324063,93.7296,341.1302,31974.00,59355
384,2026-05-12 16:00,sell,1.572584,94.6018,148.77,20707.09,38.751479,94.6018,339.5576,32122.77,59355
385,2026-05-13 01:00,sell,1.517165,95.4548,144.82,20760.04,37.234313,95.4548,338.0405,32267.59,59355
386,2026-05-13 09:00,buy,1.150546,94.8094,109.08,20780.72,38.384859,94.8094,339.1910,32158.50,59355
387,2026-05-13 11:00,buy,1.117201,94.1890,105.23,20727.04,39.502060,94.1890,340.3082,32053.28,59355
388,2026-05-13 12:00,buy,1.555154,93.3359,145.15,20680.81,41.057214,93.3359,341.8634,31908.12,59355
389,2026-05-13 13:00,buy,1.735228,92.3979,160.33,20644.33,42.792441,92.3979,343.5986,31747.79,59355
390,2026-05-13 14:00,buy,1.764962,91.4583,161.42,20622.47,44.557403,91.4583,345.3636,31586.37,59355
391,2026-05-13 15:00,buy,1.980360,90.4213,179.07,20562.60,46.537763,90.4213,347.3439,31407.31,59355
392,2026-05-14 04:00,sell,1.922317,91.4334,175.76,20566.58,44.615446,91.4334,345.4216,31583.07,59355
393,2026-05-14 06:00,buy,1.395873,90.7003,126.61,20609.40,46.011320,90.7003,346.8175,31456.46,59355
394,2026-05-14 12:00,sell,1.448029,91.4641,132.44,20600.42,44.563291,91.4641,345.3695,31588.91,59355
395,2026-05-14 13:00,buy,1.302226,90.7795,118.22,20582.33,44.582639,90.7795,346.6717,31470.69,59355
396,2026-05-14 13:00,sell,1.282878,92.1487,118.22,20582.33,44.582639,92.1487,345.3888,31588.91,59355
397,2026-05-14 14:00,sell,2.809154,92.9713,261.17,20651.30,41.773486,92.9713,342.5796,31850.08,59355
398,2026-05-15 00:00,buy,1.646089,92.0864,151.58,20657.57,43.419575,92.0864,344.2257,31698.49,59355
399,2026-05-15 03:00,buy,1.408078,91.3391,128.61,20641.94,44.827653,91.3391,345.6338,31569.88,59355
400,2026-05-15 04:00,buy,1.444417,90.5820,130.84,20608.76,46.272071,90.5820,347.0782,31439.04,59355
401,2026-05-15 06:00,sell,1.569699,91.4088,143.48,20596.74,44.702371,91.4088,345.5085,31582.53,59355
402,2026-05-15 11:00,buy,1.516653,90.6133,137.43,20608.31,46.219025,90.6133,347.0252,31445.10,59355
403,2026-05-15 12:00,buy,1.290526,89.9443,116.08,20581.38,47.509551,89.9443,348.3157,31329.02,59355
404,2026-05-15 13:00,buy,1.646636,89.1019,146.72,20497.78,49.156187,89.1019,349.9623,31182.31,59355
405,2026-05-15 17:00,sell,1.679401,89.9653,151.09,20542.13,47.476786,89.9653,348.2829,31333.39,59355
406,2026-05-15 19:00,buy,1.477031,89.2087,131.76,20523.30,48.953818,89.2087,349.7600,31201.63,59355
407,2026-05-16 03:00,buy,1.335966,88.5324,118.28,20506.25,50.289783,88.5324,351.0959,31083.35,59355
408,2026-05-16 05:00,buy,1.029395,88.0162,90.60,20483.11,51.319178,88.0162,352.1253,30992.75,59355
409,2026-05-16 06:00,buy,1.160003,87.4401,101.43,20454.42,52.479181,87.4401,353.2853,30891.32,59355
410,2026-05-16 08:00,buy,1.366606,86.7688,118.58,20427.45,53.845787,86.7688,354.6519,30772.74,59355
411,2026-05-16 09:00,buy,1.584364,86.0005,136.26,20349.84,55.430151,86.0005,356.2363,30636.48,59355
412,2026-05-16 15:00,sell,1.539797,86.7504,133.58,20375.05,53.890354,86.7504,354.6965,30770.06,59355
413,2026-05-16 23:00,buy,1.145671,86.1936,98.75,20377.50,55.036025,86.1936,355.8422,30671.31,59355
414,2026-05-17 00:00,buy,0.863877,85.7771,74.10,20355.15,55.899901,85.7771,356.7061,30597.21,59355
415,2026-05-17 01:00,sell,0.953314,86.2381,82.21,20335.40,54.946587,86.2381,355.7527,30679.42,59355
416,2026-05-17 03:00,sell,0.961777,86.7069,83.39,20377.26,53.984810,86.7069,354.7910,30762.82,59355
417,2026-05-17 04:00,sell,1.005151,87.2010,87.65,20396.40,52.979660,87.2010,353.7858,30850.47,59355
418,2026-05-17 05:00,buy,0.993217,86.7141,86.13,20398.09,53.972877,86.7141,354.7790,30764.34,59355
419,2026-05-17 09:00,sell,0.940024,87.1761,81.95,20398.26,53.032853,87.1761,353.8390,30846.29,59355
420,2026-05-17 11:00,buy,0.869058,86.7499,75.39,20397.78,53.901911,86.7499,354.7081,30770.90,59355
421,2026-05-17 12:00,buy,0.796399,86.3621,68.78,20391.02,54.698310,86.3621,355.5045,30702.12,59355
422,2026-05-17 13:00,buy,0.827321,85.9620,71.12,20372.18,55.525630,85.9620,356.3318,30631.00,59355
423,2026-05-17 14:00,sell,0.855490,86.3768,73.89,20366.61,54.670140,86.3768,355.4763,30704.89,59355
424,2026-05-17 18:00,sell,0.823606,86.7789,71.47,20373.38,53.846534,86.7789,354.6527,30776.37,59355
425,2026-05-17 21:00,buy,0.882615,86.3491,76.21,20400.74,54.729150,86.3491,355.5353,30700.15,59355
426,2026-05-17 22:00,buy,0.985185,85.8732,84.60,20363.26,55.714334,85.8732,356.5205,30615.55,59355
427,2026-05-17 23:00,buy,1.632148,85.0941,138.89,20307.07,57.346482,85.0941,358.1526,30476.67,59355
428,2026-05-18 05:00,buy,1.706482,84.2908,143.84,20286.68,59.052963,84.2908,359.8591,30332.83,59355
429,2026-05-18 10:00,sell,1.580501,85.0378,134.40,20252.91,57.472463,85.0378,358.2786,30467.23,59355
430,2026-05-18 11:00,sell,1.448099,85.7308,124.15,20294.12,56.024364,85.7308,356.8305,30591.37,59355
431,2026-05-18 12:00,buy,1.471895,84.3448,124.15,20330.12,58.991720,84.3448,358.3024,30467.23,59355
432,2026-05-18 12:00,buy,1.495461,85.0182,127.14,20330.12,58.991720,85.0182,359.7979,30340.09,59355
433,2026-05-18 13:00,buy,0.192396,84.2353,16.21,20278.27,59.184117,84.2353,359.9903,30323.88,59355
434,2026-05-18 18:00,sell,1.709881,85.0432,145.41,20212.06,57.474236,85.0432,358.2804,30469.29,59355
435,2026-05-18 23:00,sell,1.843270,85.9273,158.39,20319.24,55.630966,85.9273,356.4371,30627.68,59355
436,2026-05-19 00:00,buy,1.530115,85.1958,130.36,20330.82,57.161081,85.1958,357.9672,30497.32,59355
437,2026-05-19 09:00,buy,1.541027,84.4686,130.17,20284.27,58.702108,84.4686,359.5083,30367.15,59355
438,2026-05-19 13:00,buy,1.378189,83.8259,115.53,20287.85,60.080297,83.8259,360.8865,30251.63,59355
439,2026-05-19 14:00,sell,1.510524,84.5335,127.69,20247.49,58.569772,84.5335,359.3759,30379.32,59355
440,2026-05-20 11:00,sell,1.447763,85.2202,123.38,20282.09,57.122010,85.2202,357.9282,30502.69,59355
441,2026-05-20 12:00,buy,1.022031,84.7362,86.60,20305.22,58.144041,84.7362,358.9502,30416.09,59355
442,2026-05-20 13:00,sell,1.010490,85.7041,86.60,20282.91,55.981594,85.7041,357.9397,30502.69,59355
443,2026-05-20 13:00,sell,1.151957,85.2836,98.24,20282.91,55.981594,85.2836,356.7878,30600.94,59355
444,2026-05-20 14:00,sell,0.485669,86.0020,41.77,20347.88,55.495924,86.0020,356.3021,30642.71,59355
445,2026-05-20 15:00,sell,1.508855,86.7367,130.87,20352.86,53.987069,86.7367,354.7932,30773.58,59355
446,2026-05-20 17:00,buy,1.675039,85.9253,143.93,20386.11,55.662108,85.9253,356.4683,30629.65,59355
447,2026-05-20 23:00,sell,1.722243,86.7637,149.43,20367.50,53.939866,86.7637,354.7460,30779.08,59355
448,2026-05-21 09:00,buy,1.391233,86.0885,119.77,20385.20,55.331098,86.0885,356.1373,30659.31,59355
449,2026-05-21 11:00,buy,1.318797,85.4556,112.70,20334.90,56.649895,85.4556,357.4561,30546.61,59355
450,2026-05-21 12:00,sell,1.195514,86.0310,102.85,20344.76,55.454382,86.0310,356.2605,30649.46,59355
451,2026-05-21 14:00,sell,1.247467,86.6378,108.08,20359.86,54.206915,86.6378,355.0131,30757.54,59355
452,2026-05-21 16:00,sell,1.397042,87.3250,122.00,20375.30,52.809873,87.3250,353.6160,30879.54,59355
453,2026-05-22 13:00,buy,1.681049,86.5026,145.42,20435.79,54.490922,86.5026,355.2971,30734.12,59355
454,2026-05-22 16:00,sell,1.234948,87.1081,107.57,20410.31,53.255973,87.1081,354.0621,30841.70,59355
455,2026-05-22 17:00,buy,1.252360,85.8971,107.57,20395.71,55.729134,85.8971,355.3145,30734.12,59355
456,2026-05-22 17:00,buy,1.220801,86.5116,105.61,20395.71,55.729134,86.5116,356.5353,30628.51,59355
457,2026-05-22 18:00,buy,0.389810,85.7185,33.41,20330.38,56.118944,85.7185,356.9251,30595.09,59355
458,2026-05-22 19:00,buy,1.903496,84.8139,161.44,20278.64,58.022441,84.8139,358.8286,30433.65,59355
459,2026-05-23 06:00,buy,1.823509,83.9605,153.10,20262.81,59.845949,83.9605,360.6521,30280.55,59355
460,2026-05-23 07:00,buy,1.803376,83.1292,149.91,20140.19,61.649325,83.1292,362.4555,30130.64,59355
461,2026-05-23 08:00,buy,1.800650,82.3114,148.21,20132.31,63.449975,82.3114,364.2561,29982.42,59355
462,2026-05-23 12:00,sell,1.630297,83.0548,135.40,20156.56,61.819678,83.0548,362.6258,30117.83,59355
463,2026-05-23 13:00,sell,1.427660,83.7140,119.52,20202.26,60.392018,83.7140,361.1982,30237.34,59355
464,2026-05-23 14:00,sell,1.611990,84.4679,136.16,20257.61,58.780028,84.4679,359.5862,30373.50,59355
465,2026-05-23 19:00,sell,1.634097,85.2427,139.29,20306.70,57.145931,85.2427,357.9521,30512.80,59355
466,2026-05-23 20:00,sell,1.865258,86.1404,160.67,20425.37,55.280673,86.1404,356.0868,30673.47,59355
467,2026-05-24 13:00,buy,2.044729,85.1624,174.13,20361.47,57.325402,85.1624,358.1316,30499.34,59355
468,2026-05-24 20:00,buy,1.539200,84.4366,129.96,20296.49,58.864602,84.4366,359.6708,30369.37,59355
469,2026-05-24 21:00,sell,1.473686,85.1342,125.46,20251.00,57.390915,85.1342,358.1971,30494.83,59355
470,2026-05-25 03:00,sell,1.646572,85.9242,141.48,20309.28,55.744343,85.9242,356.5505,30636.31,59355
471,2026-05-25 21:00,buy,1.551842,85.1827,132.19,20333.42,57.296185,85.1827,358.1023,30504.12,59355
472,2026-05-25 23:00,buy,1.038662,84.6914,87.97,20315.38,58.334847,84.6914,359.1410,30416.16,59355
473,2026-05-26 00:00,buy,1.245011,84.1083,104.72,20277.14,59.579859,84.1083,360.3860,30311.44,59355
474,2026-05-26 04:00,sell,1.279273,84.7097,108.37,20275.68,58.300586,84.7097,359.1067,30419.81,59355
475,2026-05-26 06:00,buy,1.196879,84.1487,100.72,20290.12,59.497465,84.1487,360.3036,30319.09,59355
476,2026-05-26 08:00,sell,1.152235,84.6904,97.58,20280.20,58.345230,84.6904,359.1514,30416.68,59355
477,2026-05-26 09:00,sell,1.034616,85.1812,88.13,20282.60,57.310614,85.1812,358.1168,30504.81,59355
478,2026-05-26 13:00,sell,1.288349,85.7985,110.54,20342.46,56.022265,85.7985,356.8284,30615.34,59355
479,2026-05-26 14:00,buy,1.307159,84.5638,110.54,20327.69,58.908181,84.5638,358.1356,30504.81,59355
480,2026-05-26 14:00,buy,1.578757,85.0459,134.27,20327.69,58.908181,85.0459,359.7143,30370.54,59355
481,2026-05-26 15:00,buy,0.455338,84.2164,38.35,20284.19,59.363520,84.2164,360.1697,30332.19,59355
482,2026-05-26 16:00,buy,1.730601,83.4148,144.36,20270.02,61.094121,83.4148,361.9003,30187.83,59355
483,2026-05-27 07:00,sell,1.846675,84.2748,155.63,20268.17,59.247446,84.2748,360.0536,30343.46,59355
484,2026-05-27 08:00,buy,1.062824,83.7802,89.04,20252.24,60.310270,83.7802,361.1164,30254.42,59355
485,2026-05-27 11:00,sell,1.021469,84.2569,86.07,20253.67,59.288801,84.2569,360.0950,30340.48,59355
486,2026-05-27 12:00,buy,1.033158,83.3036,86.07,20253.81,61.483317,83.3036,361.1281,30254.42,59355
487,2026-05-27 12:00,buy,1.161358,83.7169,97.23,20253.81,61.483317,83.7169,362.2895,30157.19,59355
488,2026-05-27 14:00,sell,2.337746,84.3289,197.14,20252.75,59.145571,84.3289,359.9517,30354.33,59355
489,2026-05-27 16:00,buy,1.488398,83.6372,124.49,20269.40,60.633969,83.6372,361.4401,30229.85,59355
490,2026-05-27 20:00,buy,1.656980,82.8773,137.33,20249.00,62.290950,82.8773,363.0971,30092.52,59355
491,2026-05-28 00:00,buy,1.764074,82.0798,144.79,20181.47,64.055024,82.0798,364.8612,29947.73,59355
492,2026-05-28 02:00,buy,1.625543,81.3549,132.25,20143.49,65.680566,81.3549,366.4867,29815.48,59355
493,2026-05-28 03:00,buy,1.885691,80.5262,151.85,20051.05,67.566257,80.5262,368.3724,29663.63,59355
494,2026-05-28 13:00,sell,1.921293,81.3751,156.35,20058.10,65.644964,81.3751,366.4511,29819.98,59355
495,2026-05-28 14:00,buy,1.781978,80.5913,143.61,20085.96,67.426943,80.5913,368.2331,29676.37,59355
496,2026-05-28 15:00,sell,1.747978,82.1588,143.61,20084.47,63.894752,82.1588,366.4851,29819.98,59355
497,2026-05-28 15:00,sell,1.784212,81.3799,145.20,20084.47,63.894752,81.3799,364.7009,29965.18,59355
498,2026-05-28 16:00,sell,0.152968,82.2327,12.58,20143.90,63.741785,82.2327,364.5479,29977.76,59355
499,2026-05-29 03:00,buy,1.894179,81.3869,154.16,20114.87,65.635964,81.3869,366.4421,29823.60,59355
500,2026-05-29 04:00,sell,1.387737,82.0081,113.81,20135.21,64.248226,82.0081,365.0544,29937.40,59355
501,2026-05-29 08:00,sell,1.301573,82.5970,107.51,20154.86,62.946653,82.5970,363.7528,30044.91,59355
502,2026-05-29 10:00,buy,1.155959,82.0754,94.88,20149.81,64.102613,82.0754,364.9088,29950.03,59355
503,2026-05-29 11:00,buy,1.175532,81.5500,95.86,20124.96,65.278145,81.5500,366.0843,29854.17,59355
504,2026-05-29 13:00,buy,1.173199,81.0306,95.07,20104.46,66.451344,81.0306,367.2575,29759.10,59355
505,2026-05-29 14:00,sell,1.158350,82.0693,95.07,20098.27,63.870353,82.0693,366.0992,29854.17,59355
506,2026-05-29 14:00,sell,1.422640,81.6633,116.18,20098.27,63.870353,81.6633,364.6765,29970.34,59355
507,2026-05-29 15:00,sell,0.663716,82.4836,54.75,20177.99,63.206637,82.4836,364.0128,30025.09,59355
508,2026-05-29 18:00,buy,1.861206,81.6487,151.97,20145.73,65.067844,81.6487,365.8740,29873.12,59355
509,2026-05-30 00:00,sell,1.869372,82.4916,154.21,20161.55,63.198472,82.4916,364.0046,30027.33,59355
510,2026-05-30 20:00,sell,1.435446,83.1474,119.35,20203.42,61.763026,83.1474,362.5692,30146.69,59355
511,2026-05-30 21:00,buy,0.708682,82.8236,58.70,20207.20,62.471708,82.8236,363.2779,30087.99,59355
512,2026-05-31 00:00,sell,0.778713,83.1802,64.77,20201.71,61.692995,83.1802,362.4992,30152.76,59355
513,2026-05-31 06:00,buy,0.771324,82.8278,63.89,20203.60,62.464319,82.8278,363.2705,30088.88,59355
514,2026-05-31 09:00,buy,0.713865,82.5035,58.90,20190.60,63.178184,82.5035,363.9843,30029.98,59355
515,2026-05-31 10:00,sell,0.703509,82.8237,58.27,20188.09,62.474674,82.8237,363.2808,30088.25,59355
516,2026-05-31 13:00,buy,0.663579,82.5222,54.76,20191.32,63.138254,82.5222,363.9444,30033.49,59355
517,2026-05-31 14:00,buy,0.924490,82.1051,75.91,20140.60,64.062744,82.1051,364.8689,29957.58,59355
518,2026-05-31 15:00,buy,0.944404,81.6822,77.14,20135.58,65.007148,81.6822,365.8133,29880.44,59355
519,2026-05-31 20:00,sell,1.000214,82.1313,82.15,20141.51,64.006935,82.1313,364.8131,29962.59,59355
520,2026-05-31 21:00,sell,0.966186,82.5687,79.78,20163.45,63.040749,82.5687,363.8469,30042.37,59355
521,2026-05-31 22:00,buy,1.031916,82.1030,84.72,20177.03,64.072665,82.1030,364.8788,29957.64,59355
522,2026-05-31 23:00,sell,1.020341,83.0344,84.72,20173.18,61.875709,83.0344,363.8585,30042.37,59355
523,2026-05-31 23:00,sell,1.176615,82.6359,97.23,20173.18,61.875709,82.6359,362.6819,30139.60,59355
524,2026-06-01 00:00,buy,2.265318,82.0767,185.93,20198.21,64.141027,82.0767,364.9472,29953.67,59355
525,2026-06-01 01:00,sell,1.398692,82.7107,115.69,20130.79,62.742335,82.7107,363.5485,30069.35,59355
526,2026-06-01 03:00,buy,1.593548,81.9919,130.66,20186.27,64.335883,81.9919,365.1420,29938.70,59355
527,2026-06-01 05:00,buy,1.627054,81.2677,132.23,20134.92,65.962937,81.2677,366.7691,29806.47,59355
528,2026-06-01 07:00,buy,1.589004,80.5695,128.03,20063.82,67.551941,80.5695,368.3581,29678.44,59355
529,2026-06-01 08:00,sell,1.615177,81.2824,131.29,20081.05,65.936764,81.2824,366.7429,29809.73,59355
530,2026-06-01 10:00,buy,1.496027,80.6246,120.62,20088.90,67.432792,80.6246,368.2390,29689.11,59355
531,2026-06-01 12:00,buy,1.435332,80.0009,114.83,20071.08,68.868124,80.0009,369.6743,29574.28,59355
532,2026-06-01 14:00,buy,1.810864,79.2248,143.47,19995.37,70.678988,79.2248,371.4851,29430.82,59355
533,2026-06-01 15:00,sell,1.799161,79.9997,143.93,19988.86,68.879827,79.9997,369.6860,29574.75,59355
534,2026-06-01 16:00,sell,1.946895,80.8512,157.41,20043.99,66.932932,80.8512,367.7391,29732.16,59355
535,2026-06-02 01:00,buy,1.978450,79.9905,158.26,20024.66,68.911381,79.9905,369.7175,29573.90,59355
536,2026-06-02 02:00,sell,1.903671,80.8228,153.86,20070.76,67.007710,80.8228,367.8139,29727.76,59355
537,2026-06-02 04:00,buy,1.782861,80.0468,142.71,20048.53,68.790572,80.0468,369.5967,29585.05,59355
538,2026-06-02 06:00,buy,1.848637,79.2540,146.51,19991.24,70.639209,79.2540,371.4454,29438.54,59355
539,2026-06-02 13:00,buy,1.788944,78.4979,140.43,19946.00,72.428152,78.4979,373.2343,29298.11,59355
540,2026-06-02 14:00,buy,2.021593,77.6567,156.99,19836.03,74.449745,77.6567,375.2559,29141.12,59355
541,2026-06-02 15:00,buy,2.407338,76.6729,184.58,19756.23,76.857083,76.6729,377.6632,28956.54,59355
542,2026-06-02 18:00,buy,2.635143,75.6177,199.26,19740.55,79.492226,75.6177,380.2984,28757.28,59355
543,2026-06-02 21:00,buy,2.912574,74.4769,216.92,19704.03,82.404800,74.4769,383.2110,28540.36,59355
544,2026-06-02 22:00,buy,3.281707,73.2228,240.30,19542.13,85.686507,73.2228,386.4927,28300.06,58623
545,2026-06-02 23:00,sell,3.368254,74.5217,251.01,19589.99,82.318253,74.5217,383.1244,28551.07,58623
546,2026-06-03 02:00,buy,3.338186,73.2453,244.51,19608.45,85.656439,73.2453,386.4626,28306.57,58623
547,2026-06-03 04:00,sell,3.348572,74.5370,249.59,19579.82,82.307867,74.5370,383.1140,28556.16,58623
548,2026-06-03 14:00,buy,3.267991,73.2867,239.50,19616.34,85.575858,73.2867,386.3820,28316.66,58623
549,2026-06-03 15:00,buy,2.428786,72.3768,175.79,19520.01,88.004644,72.3768,388.8108,28140.87,58623
550,2026-06-03 16:00,sell,2.605659,73.3600,191.15,19494.33,85.398985,73.3600,386.2051,28332.02,58623
551,2026-06-03 18:00,buy,2.882134,72.2812,208.32,19504.17,88.281119,72.2812,389.0873,28123.70,58623
552,2026-06-03 19:00,buy,3.073033,71.1572,218.67,19408.52,91.354152,71.1572,392.1603,27905.03,58623
553,2026-06-03 20:00,sell,3.182928,72.3313,230.23,19341.48,88.171224,72.3313,388.9774,28135.25,58015
554,2026-06-03 23:00,buy,3.452447,71.0698,245.36,19377.49,91.623670,71.0698,392.4298,27889.89,58015
555,2026-06-04 00:00,buy,3.547622,69.8076,247.65,19302.74,95.171292,69.8076,395.9775,27642.24,58015
556,2026-06-04 01:00,buy,4.148051,68.3751,283.62,19100.80,99.319343,68.3751,400.1255,27358.62,57300
557,2026-06-04 02:00,sell,3.981230,71.2401,283.62,19248.03,90.398743,71.2401,396.1443,27642.24,57300
558,2026-06-04 02:00,sell,4.939371,70.1059,346.28,19248.03,90.398743,70.1059,391.2049,27988.52,57300
559,2026-06-04 07:00,buy,9.018307,68.3912,616.77,19172.08,99.417049,68.3912,400.2232,27371.75,57300
560,2026-06-04 11:00,sell,3.981338,69.7795,277.82,19129.41,95.435711,69.7795,396.2419,27649.56,57300
561,2026-06-04 20:00,buy,4.319088,68.2907,294.95,19142.81,99.754799,68.2907,400.5610,27354.61,57300
562,2026-06-05 02:00,buy,3.533367,67.1068,237.11,18995.73,103.288166,67.1068,404.0943,27117.49,57300
563,2026-06-05 05:00,buy,3.431360,65.9862,226.42,18883.79,106.719526,65.9862,407.5257,26891.07,56651
564,2026-06-05 06:00,buy,4.649067,64.5142,299.93,18758.98,111.368593,64.5142,412.1748,26591.14,56651
565,2026-06-05 07:00,sell,4.966231,66.1073,328.30,18884.14,106.402362,66.1073,407.2085,26919.45,56651
566,2026-06-05 12:00,buy,4.815174,64.5800,310.96,18851.50,111.217536,64.5800,412.0237,26608.48,56651
567,2026-06-05 16:00,sell,4.567657,66.0443,301.67,18856.49,106.649879,66.0443,407.4560,26910.15,56057
568,2026-06-05 17:00,buy,4.779602,63.1157,301.67,18787.89,116.616230,63.1157,412.2356,26608.48,56057
569,2026-06-05 17:00,buy,5.186749,64.4046,334.05,18787.89,116.616230,64.4046,417.4224,26274.43,56057
570,2026-06-05 18:00,buy,1.096366,62.6155,68.65,18531.57,117.712596,62.6155,418.5188,26205.78,56057
571,2026-06-05 19:00,sell,6.053098,64.4807,390.31,18601.05,111.659498,64.4807,412.4657,26596.09,56057
572,2026-06-06 03:00,buy,6.267604,62.5789,392.22,18535.30,117.927102,62.5789,418.7333,26203.87,56057
573,2026-06-06 04:00,buy,5.445185,60.9926,332.12,18304.45,123.372288,60.9926,424.1784,25871.75,54916
574,2026-06-06 05:00,sell,5.817294,62.7127,364.82,18518.06,117.554993,62.7127,418.3612,26236.57,54916
575,2026-06-07 04:00,sell,5.394528,64.3728,347.26,18692.04,112.160465,64.3728,412.9666,26583.83,54916
576,2026-06-07 07:00,sell,2.650435,65.2099,172.83,18785.73,109.510030,65.2099,410.3162,26756.67,54916
577,2026-06-07 08:00,sell,2.748268,66.0953,181.65,18899.81,106.761762,66.0953,407.5679,26938.32,54916
578,2026-06-07 09:00,buy,2.925251,65.1599,190.61,18799.95,109.687013,65.1599,410.4932,26747.71,54916
579,2026-06-07 11:00,buy,2.857234,64.2653,183.62,18804.20,112.544246,64.2653,413.3504,26564.09,54916
580,2026-06-07 13:00,sell,2.994612,65.2102,195.28,18726.71,109.549635,65.2102,410.3558,26759.36,54916
581,2026-06-07 18:00,buy,2.826567,64.3240,181.82,18796.24,112.376202,64.3240,413.1824,26577.55,54916
582,2026-06-07 21:00,sell,2.658905,65.1627,173.26,18761.50,109.717297,65.1627,410.5235,26750.81,54916
583,2026-06-07 22:00,sell,3.634894,66.3374,241.13,18892.61,106.082402,66.3374,406.8886,26991.94,54916
584,2026-06-08 04:00,buy,3.551293,65.1993,231.54,18852.92,109.633695,65.1993,410.4399,26760.40,54916
585,2026-06-08 06:00,sell,3.033941,66.1777,200.78,18880.54,106.599755,66.1777,407.4059,26961.18,54916
586,2026-06-08 11:00,sell,2.792551,67.0975,187.37,18989.16,103.807204,67.0975,404.6134,27148.55,54916
587,2026-06-08 20:00,sell,2.763558,68.0268,188.00,19072.49,101.043645,68.0268,401.8498,27336.55,54916
588,2026-06-08 21:00,buy,2.265093,67.2684,152.37,19072.81,103.308739,67.2684,404.1149,27184.18,54916
589,2026-06-08 23:00,buy,2.255362,66.5259,150.04,19005.14,105.564101,66.5259,406.3703,27034.14,54916
590,2026-06-09 00:00,buy,2.661213,65.6658,174.75,18855.44,108.225315,65.6658,409.0315,26859.39,54916
591,2026-06-09 03:00,sell,2.575183,66.5032,171.26,18921.48,105.650131,66.5032,406.4563,27030.64,54916
592,2026-06-09 04:00,sell,2.592708,67.3626,174.65,19028.90,103.057423,67.3626,403.8636,27205.29,54916
593,2026-06-09 07:00,buy,2.540021,66.5258,168.98,19017.31,105.597444,66.5258,406.4036,27036.32,54916
594,2026-06-09 12:00,buy,2.318023,65.7755,152.47,18946.38,107.915466,65.7755,408.7216,26883.85,54916
595,2026-06-09 13:00,buy,2.175308,65.0827,141.57,18909.08,110.090775,65.0827,410.8969,26742.27,54916
596,2026-06-09 14:00,buy,2.601261,64.2689,167.18,18825.15,112.692035,64.2689,413.4982,26575.09,54916
597,2026-06-09 16:00,sell,2.683773,65.1142,174.75,18722.76,110.008262,65.1142,410.8144,26749.85,54916
598,2026-06-10 03:00,buy,2.845822,64.2244,182.77,18764.13,112.854084,64.2244,413.6602,26567.07,54916
599,2026-06-10 07:00,buy,2.250488,63.5331,142.98,18763.90,115.104572,63.5331,415.9107,26424.09,54916
600,2026-06-10 11:00,sell,2.284226,64.2387,146.74,18650.34,112.820346,64.2387,413.6265,26570.83,54916
601,2026-06-10 12:00,sell,2.508711,65.0275,163.14,18722.40,110.311634,65.0275,411.1178,26733.96,54916
602,2026-06-10 16:00,buy,2.844726,64.1399,182.46,18778.74,113.156360,64.1399,413.9625,26551.50,54916
603,2026-06-10 20:00,buy,3.294629,63.1349,208.01,18632.04,116.450990,63.1349,417.2572,26343.50,54916
604,2026-06-11 00:00,sell,2.884542,64.0201,184.67,18673.62,113.566448,64.0201,414.3726,26528.17,54916
605,2026-06-11 01:00,sell,2.906712,64.9310,188.74,18814.31,110.659735,64.9310,411.4659,26716.90,54916
606,2026-06-11 10:00,sell,2.730895,65.8045,179.71,18880.26,107.928841,65.8045,408.7350,26896.61,54916
607,2026-06-11 11:00,buy,2.038319,65.1547,132.81,18923.71,109.967159,65.1547,410.7733,26763.80,54916
608,2026-06-11 14:00,sell,2.188891,65.8565,144.15,18865.30,107.778268,65.8565,408.5844,26907.95,54916
609,2026-06-11 16:00,buy,2.297117,65.1243,149.60,18872.61,107.828791,65.1243,410.8815,26758.36,54916
610,2026-06-11 16:00,sell,2.246594,66.5888,149.60,18872.61,107.828791,66.5888,408.6350,26907.95,54916
611,2026-06-12 08:00,sell,4.942538,67.4808,333.53,19040.03,102.886253,67.4808,403.6924,27241.48,54916
612,2026-06-12 09:00,buy,1.805410,66.8826,120.75,19067.19,104.691663,66.8826,405.4978,27120.73,54916
613,2026-06-12 13:00,sell,1.861618,67.5024,125.66,19021.40,102.830045,67.5024,403.6362,27246.39,54916
614,2026-06-12 14:00,sell,1.975039,68.1695,134.64,19145.13,100.855006,68.1695,401.6612,27381.03,54916
615,2026-06-12 15:00,buy,2.375292,67.3726,160.03,19077.13,103.230299,67.3726,404.0365,27221.00,54916
616,2026-06-12 16:00,sell,2.409494,68.1859,164.29,19155.82,100.820805,68.1859,401.6270,27385.30,54916
617,2026-06-12 17:00,buy,2.479050,67.3544,166.97,19093.26,103.299855,67.3544,404.1060,27218.32,54916
618,2026-06-12 19:00,buy,2.377410,66.5711,158.27,19030.61,105.677265,66.5711,406.4834,27060.05,54916
619,2026-06-13 00:00,sell,2.200091,67.2996,148.07,19053.31,103.477174,67.2996,404.2833,27208.12,54916
620,2026-06-13 02:00,buy,1.700227,66.7383,113.47,19050.49,105.177400,66.7383,405.9836,27094.65,54916
621,2026-06-13 06:00,sell,1.636023,67.2805,110.07,19070.56,103.541378,67.2805,404.3475,27204.72,54916
622,2026-06-13 10:00,sell,1.474488,67.7748,99.93,19099.94,102.066890,67.7748,402.8731,27304.65,54916
623,2026-06-13 12:00,sell,1.297376,68.2142,88.50,19155.27,100.769514,68.2142,401.5757,27393.15,54916
624,2026-06-13 14:00,sell,1.304769,68.6603,89.59,19186.91,99.464745,68.6603,400.2709,27482.74,54916
625,2026-06-13 15:00,buy,1.339942,68.2037,91.39,19218.18,100.804687,68.2037,401.6108,27391.35,54916
626,2026-06-13 20:00,sell,1.468402,68.7061,100.89,19186.45,99.336285,68.7061,400.1424,27492.24,54916
627,2026-06-13 21:00,sell,1.618846,69.2666,112.13,19284.67,97.717439,69.2666,398.5236,27604.37,54916
628,2026-06-13 23:00,buy,1.562913,68.7275,107.42,19252.65,99.280352,68.7275,400.0865,27496.96,54916
629,2026-06-14 04:00,buy,1.432430,68.2389,97.75,19212.26,100.712782,68.2389,401.5189,27399.21,54916
630,2026-06-14 11:00,buy,1.473726,67.7416,99.83,19170.41,102.186508,67.7416,402.9927,27299.38,54916
631,2026-06-14 13:00,buy,1.277166,67.3149,85.97,19136.16,103.463674,67.3149,404.2698,27213.40,54916
632,2026-06-14 19:00,sell,1.433350,67.7957,97.17,19115.69,102.030325,67.7957,402.8365,27310.58,54916
633,2026-06-14 20:00,sell,1.323448,68.2441,90.32,19139.66,100.706876,68.2441,401.5130,27400.90,54916
634,2026-06-14 21:00,sell,2.197538,68.9994,151.63,19374.62,98.509339,68.9994,399.3155,27552.52,54916
635,2026-06-14 22:00,sell,2.273039,69.7940,158.64,19401.54,96.236299,69.7940,397.0425,27711.17,54916
636,2026-06-14 23:00,sell,2.362644,70.6346,166.88,19480.67,93.873655,70.6346,394.6798,27878.05,54916
637,2026-06-15 01:00,sell,2.302539,71.4685,164.56,19454.36,91.571116,71.4685,392.3773,28042.61,54916
638,2026-06-15 10:00,sell,2.166605,72.2666,156.57,19535.62,89.404511,72.2666,390.2107,28199.19,54916
639,2026-06-15 11:00,sell,1.902579,72.9782,138.85,19601.45,87.501933,72.9782,388.3081,28338.03,54916
640,2026-06-15 12:00,sell,1.867485,73.6870,137.61,19623.87,85.634448,73.6870,386.4406,28475.64,54916
641,2026-06-15 14:00,sell,2.115223,74.5026,157.59,19707.39,83.519225,74.5026,384.3254,28633.23,54916
642,2026-06-15 15:00,sell,2.290458,75.4013,172.70,19827.83,81.228767,75.4013,382.0349,28805.93,54916
643,2026-06-15 20:00,buy,2.380856,74.4731,177.31,19804.42,83.609623,74.4731,384.4158,28628.63,54916
644,2026-06-16 01:00,buy,2.230762,73.6187,164.23,19716.23,85.840384,73.6187,386.6465,28464.40,54916
645,2026-06-16 06:00,sell,2.066625,74.4141,153.79,19742.30,83.773759,74.4141,384.5799,28618.19,54916
646,2026-06-16 07:00,sell,1.798583,75.1167,135.10,19765.14,81.975177,75.1167,382.7813,28753.29,54916
647,2026-06-16 12:00,buy,2.014094,74.3345,149.72,19806.38,83.989271,74.3345,384.7954,28603.57,54916
648,2026-06-16 13:00,buy,2.060401,73.5469,151.54,19727.35,86.049672,73.5469,386.8558,28452.04,54916
649,2026-06-17 07:00,buy,2.532818,72.5963,183.87,19666.92,88.582490,72.5963,389.3887,28268.16,54916
650,2026-06-17 10:00,buy,1.915842,71.8889,137.73,19568.07,90.498332,71.8889,391.3045,28130.44,54916
651,2026-06-17 12:00,sell,1.707948,72.5219,123.86,19584.56,88.790384,72.5219,389.5965,28254.30,54916
652,2026-06-17 13:00,buy,1.750312,71.8761,125.81,19593.38,90.540696,71.8761,391.3469,28128.49,54916
653,2026-06-17 14:00,sell,1.719413,73.1678,125.81,19592.03,87.005993,73.1678,389.6274,28254.30,54916
654,2026-06-17 14:00,sell,1.815289,72.5492,131.70,19592.03,87.005993,72.5492,387.8122,28386.00,54916
655,2026-06-17 15:00,sell,0.366448,73.3338,26.87,19714.51,86.639545,73.3338,387.4457,28412.87,54916
656,2026-06-17 16:00,sell,2.118150,74.1445,157.05,19712.55,84.521396,74.1445,385.3276,28569.92,54916
657,2026-06-17 17:00,buy,2.165505,72.5231,157.05,19754.98,88.841308,72.5231,387.4931,28412.87,54916
658,2026-06-17 17:00,buy,2.154408,73.3246,157.97,19754.98,88.841308,73.3246,389.6475,28254.90,54916
659,2026-06-17 18:00,buy,0.517336,72.3220,37.41,19691.59,89.358644,72.3220,390.1648,28217.48,54916
660,2026-06-17 21:00,buy,3.216027,71.1490,228.82,19524.84,92.574671,71.1490,393.3808,27988.67,54916
661,2026-06-17 23:00,sell,2.944195,72.2302,212.66,19565.90,89.630476,72.2302,390.4366,28201.33,54916
662,2026-06-18 03:00,buy,2.534129,71.3046,180.70,19531.66,92.164606,71.3046,392.9708,28020.63,54916
663,2026-06-18 08:00,sell,2.317501,72.1557,167.22,19550.61,89.847105,72.1557,390.6533,28187.85,54916
664,2026-06-18 09:00,buy,1.816361,71.4909,129.85,19550.23,91.663466,71.4909,392.4696,28058.00,54916
665,2026-06-18 10:00,buy,1.881170,70.8121,133.21,19509.02,93.544636,70.8121,394.3508,27924.79,54916
666,2026-06-18 11:00,sell,1.930928,71.5124,138.09,19467.90,91.613707,71.5124,392.4199,28062.88,54916
667,2026-06-18 12:00,buy,1.959015,70.8054,138.71,19526.97,93.572722,70.8054,394.3789,27924.17,54916
668,2026-06-18 13:00,sell,2.081404,71.5608,148.95,19480.14,91.491319,71.5608,392.2975,28073.11,54916
669,2026-06-18 14:00,buy,2.126291,70.0501,148.95,19484.54,95.808961,70.0501,394.4238,27924.17,54916
670,2026-06-18 14:00,buy,2.191351,70.7701,155.08,19484.54,95.808961,70.7701,396.6151,27769.08,54916
671,2026-06-18 15:00,buy,0.844603,69.7183,58.88,19229.50,96.653564,69.7183,397.4597,27710.20,54916
672,2026-06-18 16:00,buy,2.926089,68.7066,201.04,19292.22,99.579653,68.7066,400.3858,27509.16,54916
673,2026-06-18 19:00,sell,2.768319,69.6700,192.87,19323.70,96.811334,69.6700,397.6175,27702.03,54916
674,2026-06-19 02:00,buy,2.580921,68.7772,177.51,19351.91,99.392254,68.7772,400.1984,27524.52,54916
675,2026-06-19 06:00,buy,2.144168,68.0480,145.91,19263.82,101.536422,68.0480,402.3426,27378.61,54916
676,2026-06-19 08:00,sell,2.063504,68.7532,141.87,19257.71,99.472918,68.7532,400.2791,27520.48,54916
677,2026-06-19 09:00,buy,1.945204,68.0914,132.45,19221.22,101.418122,68.0914,402.2243,27388.03,54916
678,2026-06-19 12:00,sell,1.838535,68.7197,126.34,19251.70,99.579587,68.7197,400.3857,27514.38,54916
679,2026-06-19 13:00,sell,2.006186,69.4153,139.26,19317.56,97.573402,69.4153,398.3796,27653.64,54916
680,2026-06-19 15:00,buy,1.998528,68.7258,137.35,19324.50,99.571930,68.7258,400.3781,27516.29,54916
681,2026-06-19 16:00,sell,2.034853,69.4315,141.28,19264.07,97.537077,69.4315,398.3432,27657.57,54916
682,2026-06-20 03:00,sell,2.073177,70.1618,145.46,19389.11,95.463900,70.1618,396.2701,27803.03,54916
683,2026-06-20 04:00,sell,1.742867,70.7845,123.37,19471.89,93.721033,70.7845,394.5272,27926.39,54916
684,2026-06-20 05:00,sell,2.127195,71.5561,152.21,19558.38,91.593838,71.5561,392.4000,28078.61,54916
685,2026-06-20 12:00,buy,2.104563,70.7967,149.00,19536.92,93.698402,70.7967,394.5046,27929.61,54916
686,2026-06-20 13:00,sell,1.773179,71.4389,126.67,19503.50,91.925223,71.4389,392.7314,28056.29,54916
687,2026-06-20 14:00,sell,2.133130,72.2234,154.06,19572.90,89.792093,72.2234,390.5983,28210.35,54916
688,2026-06-20 15:00,buy,2.272221,71.3928,162.22,19582.26,92.064314,71.3928,392.8705,28048.13,54916
689,2026-06-20 20:00,sell,2.223077,72.2100,160.53,19581.61,89.841237,72.2100,390.6474,28208.66,54916
690,2026-06-20 21:00,sell,1.673457,72.8340,121.88,19617.23,88.167780,72.8340,388.9739,28330.54,54916
691,2026-06-20 22:00,sell,2.111649,73.6335,155.49,19718.62,86.056132,73.6335,386.8623,28486.03,54916
692,2026-06-21 00:00,buy,1.994633,72.8820,145.37,19688.13,88.050764,72.8820,388.8569,28340.66,54916
693,2026-06-21 02:00,sell,1.727092,73.5352,127.00,19700.67,86.323672,73.5352,387.1298,28467.66,54916
694,2026-06-21 07:00,buy,1.656027,72.9114,120.74,19689.82,87.979699,72.9114,388.7859,28346.92,54916
695,2026-06-21 08:00,sell,1.391664,73.4371,102.20,19685.71,86.588034,73.4371,387.3942,28449.12,54916
696,2026-06-21 09:00,sell,1.548033,74.0288,114.60,19761.77,85.040002,74.0288,385.8462,28563.71,54916
697,2026-06-21 10:00,buy,1.532506,73.4453,112.56,19751.32,86.572508,73.4453,387.3787,28451.16,54916
698,2026-06-21 13:00,sell,1.660171,74.0803,122.99,19752.33,84.912337,74.0803,385.7185,28574.14,54916
699,2026-06-21 19:00,buy,1.606383,73.4684,118.02,19796.19,86.518720,73.4684,387.3249,28456.13,54916
700,2026-06-21 20:00,buy,1.764592,72.8050,128.47,19711.51,88.283312,72.8050,389.0895,28327.66,54916
701,2026-06-21 23:00,sell,1.891803,73.5199,139.09,19628.61,86.391510,73.5199,387.1977,28466.74,54916
702,2026-06-22 00:00,sell,2.007746,74.2904,149.16,19708.06,84.383763,74.2904,385.1899,28615.90,54916
703,2026-06-22 02:00,buy,2.353986,73.3933,172.77,19748.60,86.737750,73.3933,387.5439,28443.13,54916
704,2026-06-22 06:00,sell,2.234414,74.2495,165.90,19739.21,84.503335,74.2495,385.3095,28609.03,54916
705,2026-06-22 13:00,buy,1.963047,73.5006,144.29,19847.49,84.542541,73.5006,387.2725,28464.75,54916
706,2026-06-22 13:00,sell,1.923842,74.9984,144.29,19847.49,84.542541,74.9984,385.3487,28609.03,54916
707,2026-06-22 14:00,buy,0.173478,74.1752,12.87,19718.84,84.716019,74.1752,385.5222,28596.17,54916
708,2026-06-22 15:00,buy,2.162309,73.3523,158.61,19692.83,86.878329,73.3523,387.6845,28437.56,54916
709,2026-06-22 18:00,buy,2.140440,72.5512,155.29,19648.56,89.018769,72.5512,389.8249,28282.26,54916
710,2026-06-22 21:00,buy,2.049694,71.7962,147.16,19659.25,91.068462,71.7962,391.8746,28135.10,54916
711,2026-06-23 04:00,buy,2.269398,70.9741,161.07,19543.62,93.337860,70.9741,394.1440,27974.04,54916
712,2026-06-23 05:00,buy,1.836270,70.3189,129.12,19504.66,95.174130,70.3189,395.9803,27844.91,54916
713,2026-06-23 07:00,buy,2.143634,69.5657,149.12,19408.39,97.317764,69.5657,398.1239,27695.79,54916
714,2026-06-23 09:00,buy,2.591198,68.6718,177.94,19303.78,99.908962,68.6718,400.7151,27517.85,54916
715,2026-06-23 13:00,sell,2.297704,69.4685,159.62,19331.21,97.611258,69.4685,398.4174,27677.46,54916
716,2026-06-23 14:00,buy,2.075050,68.7524,142.66,19332.00,99.686309,68.7524,400.4925,27534.80,54916
717,2026-06-23 21:00,sell,2.096242,69.4797,145.65,19339.27,97.590067,69.4797,398.3962,27680.44,54916
718,2026-06-23 23:00,sell,1.526614,70.0163,106.89,19381.61,96.063454,70.0163,396.8696,27787.33,54916
719,2026-06-24 01:00,buy,1.528811,69.4810,106.22,19419.90,97.592265,69.4810,398.3984,27681.11,54916
720,2026-06-24 04:00,sell,1.659180,70.0646,116.25,19371.77,95.933085,70.0646,396.7392,27797.36,54916
721,2026-06-24 06:00,buy,1.774539,69.4433,123.23,19387.54,97.707624,69.4433,398.5138,27674.13,54916
722,2026-06-24 10:00,buy,1.660409,68.8695,114.35,19320.80,97.734843,68.8695,400.1742,27559.78,54916
723,2026-06-24 10:00,sell,1.633190,70.0172,114.35,19320.80,97.734843,70.0172,398.5410,27674.13,54916
724,2026-06-24 12:00,buy,0.232447,69.3577,16.12,19360.88,97.967290,69.3577,398.7735,27658.01,54916
725,2026-06-24 13:00,buy,2.050867,68.6516,140.80,19303.38,100.018157,68.6516,400.8243,27517.21,54916
726,2026-06-24 14:00,buy,2.136044,67.9276,145.10,19304.23,102.154201,67.9276,402.9604,27372.12,54916
727,2026-06-24 15:00,buy,2.549458,67.0788,171.01,19147.36,104.703659,67.0788,405.5098,27201.10,54916
728,2026-06-24 16:00,buy,2.971718,66.1098,196.46,19064.62,107.675377,66.1098,408.4815,27004.64,54916
729,2026-06-24 17:00,buy,3.565901,64.9754,231.70,18898.58,111.241278,64.9754,412.0474,26772.95,54916
730,2026-06-24 18:00,sell,3.753792,66.1812,248.43,19016.78,107.487485,66.1812,408.2936,27021.38,54916
731,2026-06-24 19:00,sell,3.511777,67.3396,236.48,19030.46,103.975709,67.3396,404.7819,27257.86,54916
732,2026-06-25 04:00,sell,3.759694,68.6142,257.97,19274.05,100.216015,68.6142,401.0222,27515.83,54916
733,2026-06-25 05:00,sell,2.496189,69.4792,173.43,19331.12,97.719826,69.4792,398.5260,27689.26,54916
734,2026-06-25 09:00,buy,2.427674,68.6429,166.64,19311.86,100.147501,68.6429,400.9537,27522.62,54916
735,2026-06-25 11:00,buy,2.042979,67.9504,138.82,19247.10,102.190480,67.9504,402.9966,27383.80,54916
736,2026-06-25 12:00,buy,2.162848,67.2288,145.41,19260.49,104.353328,67.2288,405.1595,27238.39,54916
737,2026-06-25 13:00,buy,3.723547,66.0154,245.81,18829.92,108.076875,66.0154,408.8830,26992.58,54916
738,2026-06-25 22:00,sell,4.402711,67.4684,297.04,19147.65,103.674164,67.4684,404.4803,27289.62,54916
739,2026-06-26 01:00,buy,3.613500,66.2840,239.52,19167.74,107.287664,66.2840,408.0938,27050.10,54916
740,2026-06-26 02:00,sell,3.326955,67.3827,224.18,19052.33,103.960709,67.3827,404.7669,27274.28,54916
741,2026-06-26 05:00,sell,3.823437,68.6802,262.59,19277.80,100.137272,68.6802,400.9434,27536.88,54916
742,2026-06-26 06:00,sell,3.473946,69.8913,242.80,19440.41,96.663326,69.8913,397.4695,27779.68,54916
743,2026-06-26 09:00,buy,3.445255,68.7004,236.69,19345.54,100.108581,68.7004,400.9147,27542.99,54916
744,2026-06-26 12:00,sell,3.158782,69.8003,220.48,19334.24,96.949798,69.8003,397.7560,27763.47,54916
745,2026-06-26 13:00,sell,3.669458,71.1123,260.94,19513.85,93.280340,71.1123,394.0865,28024.41,54916
746,2026-06-26 15:00,sell,3.725596,72.4828,270.04,19641.08,89.554744,72.4828,390.3609,28294.46,54916
747,2026-06-27 18:00,buy,3.998436,71.0277,284.00,19631.83,93.553181,71.0277,394.3593,28010.46,54916
748,2026-06-27 21:00,buy,1.769628,70.3960,124.57,19544.80,95.322809,70.3960,396.1290,27885.88,54916
749,2026-06-27 22:00,sell,1.799371,71.0414,127.83,19555.07,93.523439,71.0414,394.3296,28013.71,54916
750,2026-06-28 04:00,buy,1.843279,70.3834,129.74,19525.72,95.366717,70.3834,396.1729,27883.98,54916
751,2026-06-28 06:00,sell,1.524358,70.9292,108.12,19495.83,93.842360,70.9292,394.6485,27992.10,54916
752,2026-06-28 07:00,sell,1.495615,71.4709,106.89,19555.42,92.346745,71.4709,393.1529,28098.99,54916
753,2026-06-28 11:00,sell,1.694618,72.0924,122.17,19633.17,90.652126,72.0924,391.4583,28221.16,54916
754,2026-06-28 12:00,buy,1.711006,71.4676,122.28,19629.20,92.363132,71.4676,393.1693,28098.88,54916
755,2026-06-28 13:00,sell,1.755930,72.1117,126.62,19617.72,90.607201,72.1117,391.4134,28225.50,54916
756,2026-06-28 14:00,buy,1.729176,71.4802,123.60,19610.66,92.336378,71.4802,393.1425,28101.90,54916
757,2026-06-28 15:00,sell,1.735450,72.1169,125.16,19650.28,90.600928,72.1169,391.4071,28227.05,54916
758,2026-06-28 16:00,buy,1.866013,71.4357,133.30,19602.36,92.466941,71.4357,393.2731,28093.75,54916
759,2026-06-28 18:00,buy,2.016070,70.7108,142.56,19568.03,94.483011,70.7108,395.2892,27951.20,54916
760,2026-06-28 21:00,buy,2.180400,69.9392,152.50,19503.96,94.530080,69.9392,397.4696,27798.70,54916
761,2026-06-28 21:00,sell,2.133330,71.4823,152.50,19503.96,94.530080,71.4823,395.3362,27951.20,54916
762,2026-06-28 22:00,buy,0.329434,70.5847,23.25,19481.13,94.859515,70.5847,395.6657,27927.94,54916
763,2026-06-28 23:00,sell,2.768897,71.5866,198.22,19591.51,92.090618,71.5866,392.8968,28126.16,54916
764,2026-06-29 01:00,buy,2.919630,70.5383,205.95,19603.30,95.010248,70.5383,395.8164,27920.21,54916
765,2026-06-29 02:00,sell,2.835352,72.6350,205.95,19668.97,89.133973,72.6350,392.9811,28126.16,54916
766,2026-06-29 02:00,sell,3.040923,71.6390,217.85,19668.97,89.133973,71.6390,389.9401,28344.01,54916
767,2026-06-29 05:00,sell,0.156172,72.7464,11.36,19681.50,88.977801,72.7464,389.7840,28355.37,54916
768,2026-06-29 11:00,sell,2.902676,73.8462,214.35,19702.90,86.075125,73.8462,386.8813,28569.72,54916
769,2026-06-29 13:00,buy,3.018482,72.7116,219.48,19809.94,89.093607,72.7116,389.8998,28350.24,54916
770,2026-06-29 14:00,sell,3.335982,73.9775,246.79,19810.48,85.757624,73.9775,386.5638,28597.03,54916
771,2026-06-29 16:00,sell,3.377684,75.2933,254.32,19838.54,82.379940,75.2933,383.1861,28851.35,54916
772,2026-06-30 03:00,buy,3.807284,73.8262,281.08,19853.65,86.187224,73.8262,386.9934,28570.27,54916
773,2026-06-30 07:00,sell,2.226872,74.6858,166.32,19852.07,83.960353,74.6858,384.7665,28736.58,54916
774,2026-06-30 08:00,buy,2.429365,73.7544,179.18,19807.09,86.389718,73.7544,387.1959,28557.41,54916
775,2026-06-30 11:00,buy,2.260325,72.9032,164.79,19789.06,88.650043,72.9032,389.4562,28392.62,54916
776,2026-06-30 12:00,buy,2.237912,72.0749,161.30,19671.01,90.887955,72.0749,391.6941,28231.33,54916
777,2026-06-30 13:00,sell,2.187630,73.7316,161.30,19744.51,86.400196,73.7316,389.5065,28392.62,54916
778,2026-06-30 13:00,sell,2.300129,72.9315,167.75,19744.51,86.400196,72.9315,387.2064,28560.37,54916
779,2026-06-30 14:00,sell,0.182840,73.8298,13.50,19752.43,86.217356,73.8298,387.0235,28573.87,54916
780,2026-06-30 15:00,buy,2.599309,72.8513,189.36,19768.51,88.816666,72.8513,389.6228,28384.51,54916
781,2026-06-30 16:00,sell,2.586055,73.8313,190.93,19802.87,86.230611,73.8313,387.0368,28575.44,54916
782,2026-07-01 00:00,buy,2.528070,72.8793,184.24,19815.85,88.758681,72.8793,389.5648,28391.20,54916
783,2026-07-01 01:00,sell,2.463700,74.7834,184.24,19843.72,83.985599,74.7834,387.1011,28575.44,54916
784,2026-07-01 01:00,sell,2.309382,73.7537,170.33,19843.72,83.985599,73.7537,384.7918,28745.77,54916
785,2026-07-28 12:00,buy,4.951107,72.8305,360.59,19799.10,88.936705,72.8305,389.7429,28385.18,54916
786,2026-07-28 13:00,sell,1.334272,73.3326,97.85,19739.35,87.602433,73.3326,388.4086,28483.02,54916
787,2026-07-28 14:00,sell,1.480022,73.8958,109.37,19803.01,86.122411,73.8958,386.9286,28592.39,54916
788,2026-07-28 15:00,sell,1.709378,74.5545,127.44,19882.46,84.413033,74.5545,385.2192,28719.83,54916
789,2026-07-28 16:00,buy,1.671868,73.9129,123.57,19889.09,86.084901,73.9129,386.8911,28596.26,54916
790,2026-07-28 22:00,buy,1.778530,73.2396,130.26,19804.96,87.863431,73.2396,388.6696,28466.00,54916
791,2026-07-28 23:00,sell,1.582554,73.8409,116.86,19839.12,86.280877,73.8409,387.0870,28582.86,54916
792,2026-07-29 00:00,buy,1.528210,73.2624,111.96,19834.61,87.809087,73.2624,388.6152,28470.90,54916
793,2026-07-29 01:00,sell,1.526235,73.8424,112.70,19791.47,86.282852,73.8424,387.0890,28583.60,54916
794,2026-07-29 02:00,buy,1.645947,73.2198,120.52,19829.24,87.928799,73.2198,388.7350,28463.08,54916
795,2026-07-29 05:00,sell,1.683305,73.8594,124.33,19826.80,86.245494,73.8594,387.0517,28587.41,54916
796,2026-07-29 13:00,buy,1.640024,73.2388,120.11,19832.66,87.885518,73.2388,388.6917,28467.30,54916
797,2026-07-29 16:00,sell,1.397032,73.7690,103.06,19793.69,86.488486,73.7690,387.2946,28570.35,54916
798,2026-07-29 17:00,sell,1.434176,74.3195,106.59,19851.21,85.054310,74.3195,385.8605,28676.94,54916
799,2026-07-29 18:00,buy,1.455739,73.2186,106.59,19877.99,88.139322,73.2186,387.3162,28570.35,54916
800,2026-07-29 18:00,buy,1.629273,73.6971,120.07,19877.99,88.139322,73.6971,388.9455,28450.28,54916
801,2026-07-29 19:00,buy,0.558607,72.9377,40.74,19748.28,88.697929,72.9377,389.5041,28409.54,54916
802,2026-07-29 21:00,sell,2.010446,73.6985,148.17,19787.30,86.687484,73.6985,387.4936,28557.70,54916
803,2026-07-30 11:00,sell,1.960805,74.4520,145.99,19876.89,84.726679,74.4520,385.5328,28703.69,54916
804,2026-07-30 17:00,sell,1.204182,74.9200,90.22,19923.58,83.522496,74.9200,384.3287,28793.91,54916
805,2026-07-30 19:00,buy,1.237679,74.4406,92.13,19924.75,84.760175,74.4406,385.5663,28701.77,54916
806,2026-07-30 22:00,sell,1.180873,74.8993,88.45,19922.29,83.579302,74.8993,384.3855,28790.22,54916
807,2026-07-30 23:00,buy,1.142563,74.4567,85.07,19903.06,84.721865,74.4567,385.5280,28705.15,54916
808,2026-07-31 00:00,sell,1.066624,74.8710,79.86,19900.84,83.655241,74.8710,384.4614,28785.01,54916
809,2026-07-31 01:00,buy,1.276020,74.3773,94.91,19892.40,84.931261,74.3773,385.7374,28690.10,54916
810,2026-07-31 02:00,buy,1.284005,73.8854,94.87,19873.12,86.215266,73.8854,387.0214,28595.23,54916
811,2026-07-31 05:00,sell,1.272217,74.3744,94.62,19880.94,84.943049,74.3744,385.7492,28689.85,54916
812,2026-07-31 06:00,buy,1.278636,73.8846,94.47,19868.38,86.221684,73.8846,387.0278,28595.38,54916
813,2026-07-31 09:00,buy,1.330440,73.3801,97.63,19814.96,87.552124,73.3801,388.3583,28497.75,54916
814,2026-07-31 13:00,buy,1.175187,72.9386,85.72,19797.77,88.727311,72.9386,389.5335,28412.04,54916
815,2026-07-31 16:00,sell,1.304162,73.4303,95.76,19798.74,87.423149,73.4303,388.2293,28507.80,54916
816,2026-07-31 17:00,buy,1.151109,72.9974,84.03,19804.31,88.574259,72.9974,389.3804,28423.77,54916
817,2026-08-01 15:00,buy,1.199967,72.5503,87.06,19754.91,89.774225,72.5503,390.5804,28336.72,54916
818,2026-08-01 16:00,buy,0.647113,72.3107,46.79,19747.04,89.778486,72.3107,391.2275,28289.92,54916
819,2026-08-01 16:00,sell,0.642853,72.7899,46.79,19747.04,89.778486,72.7899,390.5846,28336.72,54916
820,2026-08-01 17:00,buy,0.332364,72.4262,24.07,19676.82,90.110850,72.4262,390.9170,28312.64,54916
821,2026-08-01 18:00,buy,1.360127,71.9257,97.83,19600.80,91.470978,71.9257,392.2771,28214.82,54916
822,2026-08-01 19:00,buy,1.304208,71.4506,93.19,19616.01,92.775185,71.4506,393.5813,28121.63,54916
823,2026-08-01 21:00,sell,1.261803,71.9117,90.74,19671.65,91.513382,71.9117,392.3195,28212.37,54916
824,2026-08-02 00:00,sell,1.098080,72.3165,79.41,19694.67,90.415302,72.3165,391.2215,28291.78,54916
825,2026-08-02 01:00,sell,1.079544,72.7178,78.50,19743.49,89.335758,72.7178,390.1419,28370.28,54916
826,2026-08-02 02:00,sell,1.218657,73.1750,89.18,19788.10,88.117101,73.1750,388.9233,28459.45,54916
827,2026-08-02 04:00,sell,1.103268,73.5925,81.19,19822.44,87.013833,73.5925,387.8200,28540.65,54916
828,2026-08-02 07:00,buy,1.005298,73.2129,73.60,19815.66,88.019131,73.2129,388.8253,28467.05,54916
829,2026-08-02 12:00,buy,0.883366,72.8818,64.38,19766.32,88.902497,72.8818,389.7087,28402.67,54916
830,2026-08-02 13:00,sell,0.884121,73.2140,64.73,19771.81,88.018376,73.2140,388.8245,28467.40,54916
831,2026-08-02 17:00,sell,0.866834,73.5419,63.75,19802.75,87.151542,73.5419,387.9577,28531.14,54916
832,2026-08-02 20:00,sell,0.932820,73.8973,68.93,19836.00,86.218722,73.8973,387.0249,28600.08,54916
833,2026-08-02 22:00,buy,0.963644,73.5311,70.86,19831.72,87.182365,73.5311,387.9885,28529.22,54916
834,2026-08-03 00:00,buy,0.974605,73.1635,71.31,19795.09,88.156970,73.1635,388.9631,28457.91,54916
835,2026-08-03 02:00,buy,1.002948,72.7882,73.00,19778.51,89.159918,72.7882,389.9661,28384.91,54916
836,2026-08-03 07:00,buy,0.991252,72.4200,71.79,19733.06,90.151170,72.4200,390.9573,28313.12,54916
837,2026-08-03 08:00,sell,1.003822,72.7938,73.07,19719.89,89.147347,72.7938,389.9535,28386.20,54916
838,2026-08-03 10:00,buy,1.041127,72.4072,75.39,19741.42,90.188474,72.4072,390.9946,28310.81,54916
839,2026-08-03 12:00,sell,0.963397,72.7657,70.10,19725.44,89.225077,72.7657,390.0312,28380.91,54916
840,2026-08-03 13:00,sell,1.126469,73.1885,82.44,19799.34,88.098608,73.1885,388.9048,28463.36,54916
841,2026-08-03 14:00,sell,1.245285,73.6602,91.73,19845.77,86.853324,73.6602,387.6595,28555.09,54916
842,2026-08-03 17:00,sell,1.201620,74.1197,89.06,19838.37,85.651704,74.1197,386.4579,28644.15,54916
843,2026-08-03 21:00,buy,1.313464,73.6193,96.70,19839.25,86.965168,73.6193,387.7713,28547.45,54916
844,2026-08-03 23:00,buy,1.093192,73.2065,80.03,19826.51,88.058360,73.2065,388.8645,28467.42,54916
845,2026-08-04 00:00,sell,1.078516,73.6149,79.39,19784.74,86.979844,73.6149,387.7860,28546.82,54916
846,2026-08-04 01:00,sell,1.181246,74.0661,87.49,19845.02,85.798599,74.0661,386.6048,28634.31,54916
847,2026-08-04 02:00,buy,1.184433,73.6150,87.19,19854.69,86.983031,73.6150,387.7892,28547.12,54916
848,2026-08-04 03:00,sell,1.176987,74.0646,87.17,19839.37,85.806044,74.0646,386.6122,28634.29,54916
849,2026-08-04 05:00,buy,1.201863,73.6070,88.47,19842.87,87.007908,73.6070,387.8141,28545.83,54916
850,2026-08-04 08:00,buy,1.145732,73.1746,83.84,19809.06,88.153639,73.1746,388.9598,28461.99,54916
851,2026-08-04 09:00,sell,1.100717,73.5911,81.00,19804.02,87.052922,73.5911,387.8591,28542.99,54916
852,2026-08-04 11:00,sell,1.155152,74.0321,85.52,19861.48,85.897771,74.0321,386.7039,28628.51,54916
853,2026-08-04 12:00,buy,1.116160,73.6072,82.16,19849.60,87.013930,73.6072,387.8201,28546.35,54916
854,2026-08-04 14:00,sell,1.125140,74.0368,83.30,19851.49,85.888791,74.0368,386.6950,28629.65,54916
855,2026-08-04 23:00,buy,1.307580,73.5395,96.16,19845.67,87.196370,73.5395,388.0025,28533.49,54916
856,2026-08-05 00:00,sell,1.140769,73.9744,84.39,19823.46,86.055602,73.9744,386.8618,28617.88,54916
857,2026-08-05 01:00,sell,1.228926,74.4474,91.49,19877.12,84.826676,74.4474,385.6328,28709.37,54916
858,2026-08-05 02:00,buy,1.210827,73.9828,89.58,19884.94,86.037502,73.9828,386.8437,28619.79,54916
859,2026-08-05 12:00,buy,1.270117,73.5002,93.35,19874.40,87.307620,73.5002,388.1138,28526.44,54916
860,2026-08-05 13:00,sell,1.190818,73.9540,88.07,19863.83,86.116802,73.9540,386.9230,28614.50,54916
861,2026-08-05 15:00,sell,1.206170,74.4180,89.76,19864.29,84.910632,74.4180,385.7168,28704.26,54916
862,2026-08-05 22:00,buy,1.224855,73.9483,90.58,19868.52,86.135487,73.9483,386.9416,28613.69,54916
863,2026-08-06 01:00,buy,0.937951,73.5916,69.03,19845.34,87.073438,73.5916,387.8796,28544.66,54916
864,2026-08-06 04:00,sell,0.925001,73.9442,68.40,19856.66,86.148437,73.9442,386.9546,28613.06,54916
865,2026-08-06 08:00,buy,0.957783,73.5800,70.47,19868.19,87.106220,73.5800,387.9124,28542.59,54916
866,2026-08-06 11:00,buy,1.100075,73.1650,80.49,19821.39,88.206295,73.1650,389.0125,28462.10,54916
867,2026-08-06 13:00,sell,1.030593,73.5547,75.81,19803.98,87.175702,73.5547,387.9819,28537.91,54916
868,2026-08-06 15:00,buy,1.093243,73.1425,79.96,19808.44,88.268945,73.1425,389.0751,28457.94,54916
869,2026-08-06 16:00,sell,1.057410,73.5423,77.76,19819.95,87.211535,73.5423,388.0177,28535.71,54916
870,2026-08-06 17:00,buy,1.069031,72.7428,77.76,19798.53,89.369410,72.7428,389.0867,28457.94,54916
871,2026-08-06 17:00,buy,1.088844,73.1318,79.63,19798.53,89.369410,73.1318,390.1756,28378.31,54916
872,2026-08-07 08:00,sell,2.183846,73.5556,160.63,19799.17,87.185564,73.5556,387.9917,28538.95,54916
873,2026-08-07 11:00,sell,0.967224,73.9241,71.50,19837.74,86.218341,73.9241,387.0245,28610.45,54916
874,2026-08-07 12:00,sell,1.015581,74.3141,75.47,19861.37,85.202760,74.3141,386.0089,28685.92,54916
875,2026-08-07 13:00,buy,1.077766,73.9015,79.65,19881.13,86.280525,73.9015,387.0867,28606.27,54916
876,2026-08-07 16:00,buy,1.174219,73.4558,86.25,19832.86,87.454745,73.4558,388.2609,28520.02,54916
877,2026-08-07 18:00,sell,1.149448,73.8933,84.94,19819.34,86.305297,73.8933,387.1115,28604.96,54916
878,2026-08-08 02:00,sell,1.173563,74.3441,87.25,19859.51,85.131733,74.3441,385.9379,28692.20,54916
879,2026-08-08 03:00,sell,1.037527,74.7460,77.55,19941.91,84.094206,74.7460,384.9004,28769.75,54916
880,2026-08-08 09:00,sell,1.082891,75.1689,81.40,19944.67,83.011315,75.1689,383.8175,28851.15,54916
881,2026-08-08 10:00,sell,0.819195,75.4912,61.84,19961.56,82.192121,75.4912,382.9983,28913.00,54916
882,2026-08-08 13:00,sell,0.927173,75.8585,70.33,19998.79,81.264948,75.8585,382.0711,28983.33,54916
883,2026-08-08 14:00,sell,1.091663,76.2945,83.29,20077.32,80.173284,76.2945,380.9794,29066.62,54916
884,2026-08-08 22:00,buy,1.136572,75.8419,86.20,20030.81,81.309856,75.8419,382.1160,28980.42,54916
885,2026-08-09 05:00,sell,0.861783,76.1856,65.66,20038.22,80.448073,76.1856,381.2542,29046.07,54916
886,2026-08-09 07:00,sell,0.772441,76.4955,59.09,20067.23,79.675633,76.4955,380.4818,29105.16,54916
887,2026-08-09 12:00,sell,0.806589,76.8213,61.96,20067.54,78.869043,76.8213,379.6752,29167.13,54916
888,2026-08-09 14:00,sell,0.815828,77.1528,62.94,20118.86,78.053216,77.1528,378.8594,29230.07,54916
889,2026-08-09 15:00,sell,0.957533,77.5448,74.25,20150.91,77.095682,77.5448,377.9018,29304.32,54916
890,2026-08-09 16:00,buy,0.988860,77.1411,76.28,20143.30,78.084542,77.1411,378.8907,29228.04,54916
891,2026-08-09 21:00,buy,0.932586,76.7632,71.59,20146.98,78.093634,76.7632,379.8233,29156.45,54916
892,2026-08-09 21:00,sell,0.923494,77.5190,71.59,20146.98,78.093634,77.5190,378.8998,29228.04,54916
893,2026-08-09 22:00,buy,0.144103,77.0806,11.11,20103.98,78.237738,77.0806,379.0439,29216.93,54916
894,2026-08-09 23:00,buy,1.170792,76.6073,89.69,20060.45,79.408529,76.6073,380.2147,29127.24,54916
895,2026-08-10 00:00,sell,1.277193,77.1255,98.50,20084.12,78.131337,77.1255,378.9375,29225.74,54916
896,2026-08-10 01:00,buy,1.365162,76.5738,104.54,20112.60,79.496499,76.5738,380.3027,29121.21,54916
897,2026-08-10 07:00,sell,1.343394,77.1186,103.60,20119.03,78.153105,77.1186,378.9593,29224.81,54916
898,2026-08-10 08:00,buy,1.111264,76.6690,85.20,20116.92,79.264369,76.6690,380.0705,29139.61,54916
899,2026-08-10 11:00,sell,1.114671,77.1213,85.96,20124.05,78.149697,77.1213,378.9559,29225.57,54916
900,2026-08-10 12:00,buy,1.127903,76.2166,85.96,20092.27,80.377513,76.2166,380.0838,29139.61,54916
901,2026-08-10 12:00,buy,1.099912,76.6762,84.34,20092.27,80.377513,76.6762,381.1837,29055.27,54916
902,2026-08-12 11:00,sell,2.278223,77.1460,175.76,20108.09,78.099290,77.1460,378.9055,29231.03,54916
903,2026-08-12 12:00,buy,1.026393,76.7303,78.76,20094.66,79.125683,76.7303,379.9318,29152.27,54916
904,2026-08-12 13:00,buy,1.106320,76.2860,84.40,20060.49,80.232002,76.2860,381.0382,29067.88,54916
905,2026-08-12 14:00,buy,1.249455,75.7890,94.69,19999.02,81.481458,75.7890,382.2876,28973.18,54916
906,2026-08-13 02:00,sell,1.246369,76.2864,95.08,20041.67,80.235089,76.2864,381.0412,29068.26,54916
907,2026-08-13 08:00,buy,0.968055,75.9007,73.48,20058.73,81.203144,75.9007,382.0093,28994.79,54916
908,2026-08-13 10:00,buy,0.843899,75.5669,63.77,20023.10,82.047043,75.5669,382.8532,28931.01,54916
909,2026-08-13 11:00,sell,0.839624,75.8998,63.73,20015.04,81.207419,75.8998,382.0136,28994.74,54916
910,2026-08-13 12:00,sell,0.889686,76.2550,67.84,20053.25,80.317733,76.2550,381.1239,29062.59,54916
911,2026-08-13 14:00,buy,0.876572,75.9058,66.54,20080.17,81.194305,75.9058,382.0005,28996.05,54916
912,2026-08-13 15:00,buy,1.105792,75.4689,83.45,20013.70,82.300097,75.4689,383.1063,28912.60,54916
913,2026-08-13 17:00,sell,1.213971,75.9502,92.20,20024.52,81.086126,75.9502,381.8923,29004.80,54916
914,2026-08-13 21:00,sell,1.153118,76.4117,88.11,20060.34,79.933008,76.4117,380.7392,29092.91,54916
915,2026-08-13 23:00,buy,0.905391,76.0500,68.85,20066.08,80.838400,76.0500,381.6446,29024.05,54916
916,2026-08-14 05:00,buy,0.842612,75.7156,63.80,20037.09,81.681012,75.7156,382.4872,28960.25,54916
917,2026-08-14 09:00,buy,0.784354,75.4064,59.15,20001.97,82.465366,75.4064,383.2715,28901.11,54916
918,2026-08-14 13:00,buy,0.809072,75.0893,60.75,19992.24,83.274438,75.0893,384.0806,28840.36,54916
919,2026-08-14 14:00,sell,0.802298,75.7234,60.75,19985.07,81.707926,75.7234,383.2783,28901.11,54916
920,2026-08-14 14:00,sell,0.764214,75.3893,57.61,19985.07,81.707926,75.3893,382.5141,28958.72,54916
921,2026-08-14 17:00,buy,1.663915,75.0533,124.88,19986.99,83.371841,75.0533,384.1780,28833.84,54916
922,2026-08-14 18:00,buy,0.907352,74.7005,67.78,19959.65,84.279193,74.7005,385.0854,28766.06,54916
923,2026-08-14 19:00,sell,0.928076,75.0623,69.66,19963.83,83.351118,75.0623,384.1573,28835.72,54916
924,2026-08-14 23:00,sell,0.890369,75.4119,67.14,19995.45,82.460749,75.4119,383.2669,28902.87,54916
925,2026-08-15 02:00,sell,0.718062,75.6955,54.35,20016.86,81.742687,75.6955,382.5488,28957.22,54916
926,2026-08-15 03:00,buy,0.702967,75.4183,53.02,19996.37,82.445654,75.4183,383.2518,28904.21,54916
927,2026-08-15 07:00,buy,0.759027,75.1208,57.02,19981.55,83.204681,75.1208,384.0108,28847.19,54916
928,2026-08-15 11:00,sell,0.693516,75.3931,52.29,19983.26,82.511165,75.3931,383.3173,28899.47,54916
929,2026-08-15 16:00,sell,0.574357,75.6197,43.43,20003.10,81.936807,75.6197,382.7430,28942.91,54916
930,2026-08-15 19:00,buy,0.495632,75.4244,37.38,20009.69,82.432440,75.4244,383.2386,28905.52,54916
931,2026-08-15 20:00,sell,0.443027,75.5991,33.49,20007.21,81.989412,75.5991,382.7956,28939.02,54916
932,2026-08-15 22:00,buy,0.455483,75.4197,34.35,20011.35,82.444896,75.4197,383.2511,28904.66,54916
933,2026-08-16 01:00,sell,0.477294,75.6080,36.09,19998.21,81.967601,75.6080,382.7738,28940.75,54916
934,2026-08-16 04:00,buy,0.557443,75.3884,42.02,19999.84,82.525045,75.3884,383.3312,28898.73,54916
935,2026-08-16 09:00,buy,0.504479,75.1905,37.93,19989.14,83.029524,75.1905,383.8357,28860.79,54916
936,2026-08-16 12:00,sell,0.465004,75.3731,35.05,19981.70,82.564521,75.3731,383.3707,28895.84,54916
937,2026-08-16 14:00,sell,0.421532,75.5392,31.84,19995.76,82.142989,75.5392,382.9491,28927.69,54916
938,2026-08-16 16:00,buy,0.451618,75.3615,34.03,20008.96,82.594607,75.3615,383.4008,28893.65,54916
939,2026-08-16 17:00,buy,0.514646,75.1597,38.68,19985.02,83.109253,75.1597,383.9154,28854.97,54916
940,2026-08-16 18:00,sell,0.530290,75.3679,39.97,19978.43,82.578964,75.3679,383.3851,28894.94,54916
941,2026-08-16 19:00,buy,0.524816,75.1621,39.45,19980.90,83.103780,75.1621,383.9099,28855.49,54916
942,2026-08-16 20:00,buy,0.579795,74.9358,43.45,19965.12,83.683575,74.9358,384.4897,28812.04,54916
943,2026-08-16 21:00,buy,0.845592,74.6076,63.09,19907.09,84.529167,74.6076,385.3353,28748.96,54916
944,2026-08-17 00:00,sell,0.851194,74.9387,63.79,19930.96,83.677973,74.9387,384.4841,28812.74,54916
945,2026-08-17 01:00,sell,0.957692,75.3139,72.13,19971.26,82.720281,75.3139,383.5264,28884.87,54916
946,2026-08-17 05:00,sell,1.009313,75.7124,76.42,19996.32,81.710968,75.7124,382.5171,28961.29,54916
947,2026-08-17 07:00,buy,0.921887,75.3492,69.46,20028.52,82.632855,75.3492,383.4390,28891.82,54916
948,2026-08-17 09:00,sell,0.970973,75.7328,73.53,19991.64,81.661882,75.7328,382.4680,28965.36,54916
949,2026-08-17 11:00,buy,0.958946,75.3549,72.26,20021.30,82.620828,75.3549,383.4270,28893.10,54916
950,2026-08-17 12:00,sell,0.919149,75.7179,69.60,19998.37,81.701679,75.7179,382.5078,28962.69,54916
951,2026-08-17 14:00,sell,0.958252,76.0992,72.92,20044.97,80.743426,76.0992,381.5496,29035.62,54916
952,2026-08-17 19:00,buy,1.014792,75.6965,76.82,20030.48,81.758218,75.6965,382.5644,28958.80,54916
953,2026-08-17 22:00,sell,0.923185,76.0636,70.22,20024.98,80.835034,76.0636,381.6412,29029.02,54916
954,2026-08-18 00:00,buy,0.878668,75.7150,66.53,20050.27,81.713701,75.7150,382.5199,28962.49,54916
955,2026-08-18 01:00,buy,0.901717,75.3597,67.95,20012.82,82.615419,75.3597,383.4216,28894.54,54916
956,2026-08-18 03:00,sell,0.928061,75.7263,70.28,20005.53,81.687358,75.7263,382.4935,28964.82,54916
957,2026-08-18 06:00,sell,0.920811,76.0927,70.07,20048.00,80.766547,76.0927,381.5727,29034.88,54916
958,2026-08-18 11:00,sell,0.917619,76.4604,70.16,20072.29,79.848928,76.4604,380.6551,29105.05,54916
959,2026-08-18 12:00,buy,0.904169,76.0989,68.81,20066.77,80.753097,76.0989,381.5593,29036.24,54916
960,2026-08-18 13:00,sell,0.895659,76.8219,68.81,20064.15,78.992338,76.8219,380.6636,29105.05,54916
961,2026-08-18 13:00,sell,0.865100,76.4455,66.13,20064.15,78.992338,76.4455,379.7985,29171.18,54916
962,2026-08-18 14:00,sell,0.247703,76.9073,19.05,20110.77,78.744634,76.9073,379.5508,29190.23,54916
963,2026-08-18 18:00,sell,1.132060,77.3688,87.59,20147.02,77.612574,77.3688,378.4187,29277.82,54916
964,2026-08-18 19:00,buy,1.025056,76.9519,78.88,20140.97,78.637630,76.9519,379.4438,29198.94,54916
965,2026-08-19 07:00,sell,1.039563,77.3759,80.44,20124.02,77.598067,77.3759,378.4042,29279.37,54916
966,2026-08-19 11:00,sell,0.965206,77.7727,75.07,20169.18,76.632861,77.7727,377.4390,29354.44,54916
967,2026-08-19 12:00,sell,1.220281,78.2788,95.52,20235.59,75.412580,78.2788,376.2187,29449.96,54916
968,2026-08-19 13:00,sell,1.216062,78.7882,95.81,20235.96,74.196518,78.7882,375.0027,29545.77,54916
969,2026-08-19 14:00,sell,1.869384,79.5816,148.77,20418.09,72.327134,79.5816,373.1333,29694.54,54916
970,2026-08-19 15:00,sell,2.302224,80.5759,185.50,20482.29,70.024910,80.5759,370.8311,29880.05,54916
971,2026-08-19 16:00,sell,2.213922,81.5496,180.54,20464.53,67.810987,81.5496,368.6171,30060.59,54916
972,2026-08-19 18:00,sell,2.097096,82.4882,172.99,20511.61,65.713891,82.4882,366.5201,30233.58,54916
973,2026-08-19 19:00,sell,1.955077,83.3777,163.01,20519.98,63.758814,83.3777,364.5650,30396.59,54916
974,2026-08-19 20:00,sell,2.246162,84.4179,189.62,20607.44,61.512652,84.4179,362.3188,30586.20,54916
975,2026-08-19 21:00,sell,2.886539,85.7848,247.62,20784.34,58.626113,85.7848,359.4323,30833.82,54916
976,2026-08-20 02:00,buy,3.066708,84.3455,258.66,20675.75,61.692820,84.3455,362.4990,30575.16,54916
977,2026-08-20 05:00,sell,2.340751,85.4490,200.01,20688.42,59.352069,85.4490,360.1582,30775.17,54916
978,2026-08-20 07:00,sell,2.011284,86.4142,173.80,20760.55,57.340784,86.4142,358.1469,30948.98,54916
979,2026-08-20 08:00,sell,2.113618,87.4463,184.83,20837.62,55.227167,87.4463,356.0333,31133.81,54916
980,2026-08-20 12:00,buy,2.036746,86.4571,176.09,20813.84,57.263913,86.4571,358.0701,30957.71,54916
981,2026-08-20 14:00,sell,2.050864,87.4590,179.37,20789.06,55.213049,87.4590,356.0192,31137.08,54916
982,2026-08-20 23:00,sell,1.924161,88.4147,170.12,20847.78,53.288888,88.4147,354.0950,31307.21,54916
983,2026-08-21 00:00,sell,1.588544,89.2152,141.72,20880.11,51.700344,89.2152,352.5065,31448.93,54916
984,2026-08-21 01:00,sell,1.717177,90.0929,154.71,20922.14,49.983167,90.0929,350.7893,31603.63,54916
985,2026-08-21 02:00,buy,1.940897,89.1069,172.95,20934.76,51.924064,89.1069,352.7302,31430.69,54916
986,2026-08-21 04:00,sell,1.882233,90.0681,169.53,20946.12,50.041831,90.0681,350.8480,31600.22,54916
987,2026-08-21 05:00,sell,1.929423,91.0698,175.71,20996.68,48.112407,91.0698,348.9186,31775.93,54916
988,2026-08-21 06:00,buy,2.086079,89.9937,187.73,20987.41,50.198486,89.9937,351.0046,31588.19,54916
989,2026-08-21 07:00,sell,2.037356,92.1458,187.73,21000.50,46.045767,92.1458,348.9673,31775.93,54916
990,2026-08-21 07:00,sell,2.115363,91.0916,192.69,21000.50,46.045767,91.0916,346.8519,31968.62,54916
991,2026-08-21 08:00,sell,0.523845,92.4472,48.43,21131.71,45.521922,92.4472,346.3281,32017.05,54916
992,2026-08-21 09:00,buy,3.006091,90.8697,273.16,21060.55,48.528013,90.8697,349.3342,31743.88,54916
993,2026-08-21 20:00,sell,2.812524,92.3568,259.76,21070.91,45.715489,92.3568,346.5216,32003.64,54916
994,2026-08-21 21:00,sell,2.490670,93.7038,233.39,21156.53,43.224819,93.7038,344.0310,32237.03,54916
995,2026-08-22 01:00,sell,2.431298,95.0473,231.09,21157.44,40.793521,95.0473,341.5997,32468.11,54916
996,2026-08-22 02:00,sell,2.556956,96.4918,246.73,21238.91,38.236565,96.4918,339.0427,32714.84,54916
997,2026-08-22 03:00,sell,2.649298,98.0237,259.69,21286.25,35.587267,98.0237,336.3934,32974.53,54916
998,2026-08-22 04:00,buy,2.734776,94.9599,259.69,21393.16,42.187835,94.9599,339.1282,32714.84,54916
999,2026-08-22 04:00,buy,3.865792,95.8214,370.43,21393.16,42.187835,95.8214,342.9940,32344.41,54916
1000,2026-08-22 09:00,buy,3.758241,92.2780,346.80,21178.76,45.946076,92.2780,346.7522,31997.61,54916
1001,2026-08-22 23:00,sell,5.016192,95.0274,476.68,21180.15,40.929885,95.0274,341.7360,32474.29,54916
1002,2026-08-23 02:00,buy,2.862813,93.4615,267.56,21227.80,43.792697,93.4615,344.5989,32206.72,54916
1003,2026-08-23 04:00,buy,3.059644,91.8308,280.97,21126.81,46.852341,91.8308,347.6585,31925.75,54916
1004,2026-08-23 07:00,sell,3.102452,93.4995,290.08,21126.40,43.749889,93.4995,344.5560,32215.83,54916
1005,2026-08-23 12:00,sell,2.624073,94.9457,249.14,21219.40,41.125816,94.9457,341.9320,32464.98,54916
1006,2026-08-23 13:00,buy,2.201481,93.7387,206.36,21255.29,43.327297,93.7387,344.1335,32258.61,54916
1007,2026-08-23 14:00,sell,2.443070,95.0888,232.31,21241.67,40.884227,95.0888,341.6904,32490.92,54916
1008,2026-08-24 00:00,buy,2.431061,93.7547,227.92,21265.44,43.315288,93.7547,344.1214,32263.00,54916
1009,2026-08-24 01:00,sell,2.122084,94.9254,201.44,21194.70,41.193204,94.9254,341.9994,32464.44,54916
1010,2026-08-24 02:00,buy,2.186872,93.7268,204.97,21226.05,43.380076,93.7268,344.1862,32259.47,54916
1011,2026-08-24 06:00,sell,2.171001,94.9243,206.08,21225.33,41.209075,94.9243,342.0152,32465.55,54916
1012,2026-08-24 07:00,buy,2.088019,93.7792,195.81,21207.28,43.297094,93.7792,344.1033,32269.74,54916
1013,2026-08-24 09:00,sell,2.069444,94.9209,196.43,21231.44,41.227650,94.9209,342.0338,32466.17,54916
1014,2026-08-24 10:00,sell,1.862443,95.9660,178.73,21235.66,39.365208,95.9660,340.1714,32644.90,54916
1015,2026-08-24 11:00,buy,2.123034,94.7830,201.23,21282.18,41.488241,94.7830,342.2944,32443.67,54916
1016,2026-08-24 12:00,sell,2.409306,96.1363,231.62,21300.25,39.078935,96.1363,339.8851,32675.30,54916
1017,2026-08-24 14:00,sell,2.559824,97.6065,249.86,21296.80,36.519112,97.6065,337.3253,32925.15,54916
1018,2026-08-24 15:00,buy,2.699394,96.0690,259.33,21310.38,39.218505,96.0690,340.0247,32665.82,54916
1019,2026-08-24 21:00,sell,2.733533,97.6389,266.90,21350.55,36.484972,97.6389,337.2911,32932.72,54916
1020,2026-08-24 23:00,sell,2.327189,99.0051,230.40,21405.10,34.157783,99.0051,334.9639,33163.13,54916
1021,2026-08-25 00:00,sell,2.970056,100.7925,299.36,21496.89,31.187727,100.7925,331.9939,33462.49,54916
1022,2026-08-25 04:00,sell,3.034894,102.6696,311.59,21487.23,28.152833,102.6696,328.9590,33774.08,54916
1023,2026-08-25 05:00,buy,2.794818,100.9542,282.15,21505.33,30.947651,100.9542,331.7538,33491.93,54916
1024,2026-08-25 09:00,buy,2.852457,99.2475,283.10,21442.62,33.800107,99.2475,334.6063,33208.83,54916
1025,2026-08-25 11:00,buy,2.711268,97.6648,264.80,21404.02,36.511375,97.6648,337.3175,32944.03,54916
1026,2026-08-25 20:00,buy,2.647887,96.1551,254.61,21334.69,39.159262,96.1551,339.9654,32689.43,54916
1027,2026-08-25 21:00,sell,2.394311,97.5289,233.51,21355.24,36.764951,97.5289,337.5711,32922.94,54916
1028,2026-08-25 23:00,buy,2.232668,96.2556,214.91,21334.10,38.997619,96.2556,339.8038,32708.03,54916
1029,2026-08-26 01:00,sell,2.056228,97.4348,200.35,21351.87,36.941391,97.4348,337.7476,32908.38,54916
1030,2026-08-26 04:00,buy,1.863574,96.3714,179.60,21336.64,38.804965,96.3714,339.6111,32728.79,54916
1031,2026-08-26 07:00,sell,1.677471,97.3329,163.27,21349.92,37.127494,97.3329,337.9337,32892.06,54916
1032,2026-08-26 08:00,buy,1.505017,96.4736,145.19,21345.09,38.632511,96.4736,339.4387,32746.87,54916
1033,2026-08-26 09:00,sell,1.586055,97.3836,154.46,21321.76,37.046457,97.3836,337.8526,32901.32,54916
1034,2026-08-26 11:00,buy,1.822427,96.3443,175.58,21355.45,38.868884,96.3443,339.6750,32725.74,54916
1035,2026-08-26 14:00,buy,1.955380,95.2477,186.25,21294.68,40.824264,95.2477,341.6304,32539.50,54916
1036,2026-08-26 16:00,sell,2.168681,96.4725,209.22,21315.20,38.655583,96.4725,339.4617,32748.71,54916
1037,2026-08-26 20:00,sell,2.063293,97.6596,201.50,21354.75,36.592290,97.6596,337.3985,32950.21,54916
1038,2026-08-26 21:00,sell,1.801314,98.7137,177.81,21403.69,34.790975,98.7137,335.5971,33128.03,54916
1039,2026-08-26 22:00,sell,2.170309,100.0072,217.05,21453.91,32.620666,100.0072,333.4268,33345.07,54916
1040,2026-08-26 23:00,sell,2.488963,101.5229,252.69,21530.24,30.131703,101.5229,330.9379,33597.76,54916
1041,2026-08-27 07:00,sell,2.441281,103.0431,251.56,21524.86,27.690421,103.0431,328.4966,33849.32,54916
1042,2026-08-27 08:00,sell,2.441850,104.5982,255.41,21603.62,25.248571,104.5982,326.0547,34104.73,54916
1043,2026-08-27 12:00,sell,2.435587,106.1846,258.62,21601.35,22.812984,106.1846,323.6191,34363.35,54916
1044,2026-08-27 13:00,sell,2.407578,107.7883,259.51,21642.67,20.405406,107.7883,321.2116,34622.86,54916
1045,2026-08-27 16:00,sell,2.571563,109.5423,281.69,21702.70,17.833843,109.5423,318.6400,34904.56,54916
1046,2026-08-27 17:00,buy,2.733985,107.6942,294.43,21690.39,20.567828,107.6942,321.3740,34610.12,54916
1047,2026-08-27 18:00,sell,2.682446,109.5226,293.79,21697.24,17.885383,109.5226,318.6915,34903.91,54916
1048,2026-08-28 01:00,buy,2.669446,107.7180,287.55,21687.45,20.554828,107.7180,321.3610,34616.36,54916
1049,2026-08-28 02:00,buy,2.500288,106.0675,265.20,21660.95,23.055116,106.0675,323.8613,34351.16,54916
1050,2026-08-28 05:00,sell,2.447479,107.6953,263.58,21678.01,20.607637,107.6953,321.4138,34614.75,54916
1051,2026-08-28 06:00,buy,2.093485,106.3104,222.56,21687.16,22.701122,106.3104,323.5073,34392.19,54916
1052,2026-08-28 09:00,buy,2.113093,104.9395,221.75,21652.73,24.814214,104.9395,325.6204,34170.44,54916
1053,2026-08-28 10:00,sell,2.076966,106.2955,220.77,21658.94,22.737249,106.2955,323.5434,34391.21,54916
1054,2026-08-28 11:00,buy,2.118286,104.9216,222.25,21652.70,24.855535,104.9216,325.6617,34168.96,54916
1055,2026-08-28 13:00,sell,2.121959,106.3070,225.58,21638.24,22.733576,106.3070,323.5397,34394.54,54916
1056,2026-08-28 14:00,sell,2.340776,107.8678,252.49,21667.55,20.392800,107.8678,321.1990,34647.03,54916
1057,2026-08-28 15:00,buy,2.410536,104.7462,252.49,21644.28,25.400610,104.7462,323.6095,34394.54,54916
1058,2026-08-28 15:00,buy,2.597274,106.1511,275.70,21644.28,25.400610,106.1511,326.2068,34118.83,54916
1059,2026-08-28 16:00,buy,0.456688,104.3006,47.63,21642.33,25.857298,104.3006,326.6635,34071.20,54916
1060,2026-08-28 17:00,buy,2.757664,102.5689,282.85,21635.18,28.614962,102.5689,329.4211,33788.35,54916
1061,2026-08-28 23:00,sell,2.881289,104.3951,300.79,21620.44,25.733673,104.3951,326.5398,34089.14,54916
1062,2026-08-29 07:00,buy,1.952126,103.1616,201.38,21610.80,27.685798,103.1616,328.4920,33887.76,54916
1063,2026-08-29 11:00,sell,1.213627,103.9296,126.13,21605.09,26.472171,103.9296,327.2783,34013.89,54916
1064,2026-08-29 13:00,sell,0.997859,104.5672,104.34,21613.43,25.474312,104.5672,326.2805,34118.23,54916
1065,2026-08-29 14:00,sell,1.177304,105.3273,124.00,21653.74,24.297007,105.3273,325.1032,34242.24,54916
1066,2026-08-29 16:00,buy,1.202443,104.5539,125.72,21641.36,25.499451,104.5539,326.3056,34116.52,54916
1067,2026-08-29 18:00,sell,1.159672,105.3024,122.12,21648.07,24.339779,105.3024,325.1459,34238.63,54916
1068,2026-08-30 07:00,buy,1.130318,104.5753,118.20,21641.19,25.470097,104.5753,326.2763,34120.43,54916
1069,2026-08-30 09:00,sell,0.837857,105.1151,88.07,21635.42,24.632240,105.1151,325.4384,34208.50,54916
1070,2026-08-30 11:00,sell,0.865260,105.6771,91.44,21648.38,23.766980,105.6771,324.5731,34299.94,54916
1071,2026-08-30 12:00,sell,0.939200,106.2922,99.83,21672.22,22.827780,106.2922,323.6339,34399.77,54916
1072,2026-08-30 13:00,sell,1.130469,107.0400,121.01,21695.06,21.697310,107.0400,322.5035,34520.77,54916
1073,2026-08-30 14:00,buy,1.108419,106.3093,117.84,21686.95,22.805729,106.3093,323.6119,34402.94,54916
1074,2026-08-30 15:00,sell,1.130503,107.0572,121.03,21677.66,21.675226,107.0572,322.4814,34523.97,54916
1075,2026-08-30 16:00,buy,1.146524,105.5613,121.03,21692.92,24.011646,105.5613,323.6279,34402.94,54916
1076,2026-08-30 16:00,buy,1.189895,106.2730,126.45,21692.92,24.011646,106.2730,324.8178,34276.48,54916
1077,2026-08-30 19:00,buy,0.234221,105.3733,24.68,21667.06,24.245867,105.3733,325.0520,34251.80,54916
1078,2026-08-30 20:00,buy,1.622843,104.3315,169.31,21642.15,25.868710,104.3315,326.6749,34082.49,54916
1079,2026-08-30 22:00,buy,1.725857,103.2407,178.18,21618.39,27.594567,103.2407,328.4007,33904.31,54916
1080,2026-08-30 23:00,buy,2.341389,101.7892,238.33,21560.94,29.935956,101.7892,330.7421,33665.98,54916
1081,2026-08-31 07:00,sell,2.335154,103.2471,241.10,21598.42,27.600802,103.2471,328.4070,33907.08,54916
1082,2026-08-31 17:00,sell,1.763291,104.3679,184.03,21617.46,25.837511,104.3679,326.6437,34091.11,54916
1083,2026-08-31 21:00,buy,1.842443,103.2036,190.15,21618.91,27.679954,103.2036,328.4861,33900.97,54916
1084,2026-09-01 04:00,sell,1.594364,104.2153,166.16,21618.83,26.085590,104.2153,326.8918,34067.12,54916
1085,2026-09-01 05:00,buy,1.274540,103.4089,131.80,21637.32,27.360131,103.4089,328.1663,33935.32,54916
1086,2026-09-01 07:00,buy,1.320437,102.5834,135.45,21606.20,28.680568,102.5834,329.4867,33799.87,54916
1087,2026-09-01 11:00,buy,1.455484,101.6850,148.00,21581.96,30.136052,101.6850,330.9422,33651.87,54916
1088,2026-09-01 13:00,sell,1.338262,102.5141,137.19,21572.92,28.797790,102.5141,329.6040,33789.06,54916
1089,2026-09-01 14:00,buy,1.384618,101.6600,140.76,21575.01,30.182409,101.6600,330.9886,33648.30,54916
1090,2026-09-01 15:00,buy,1.509543,100.7411,152.07,21577.74,31.691952,100.7411,332.4981,33496.22,54916
1091,2026-09-01 17:00,buy,1.649493,99.7514,164.54,21533.02,33.341445,99.7514,334.1476,33331.69,54916
1092,2026-09-02 00:00,buy,1.954026,98.5982,192.66,21503.56,35.295471,98.5982,336.1016,33139.02,54916
1093,2026-09-02 01:00,sell,1.676247,99.5916,166.94,21484.12,33.619223,99.5916,334.4254,33305.96,54916
1094,2026-09-02 02:00,sell,1.687972,100.6072,169.82,21513.33,31.931252,100.6072,332.7374,33475.78,54916
1095,2026-09-02 07:00,buy,1.663823,99.6110,165.74,21511.01,33.595074,99.6110,334.4012,33310.05,54916
1096,2026-09-02 08:00,buy,1.503513,98.7233,148.43,21483.07,35.098587,98.7233,335.9047,33161.62,54916
1097,2026-09-02 09:00,buy,1.582259,97.8019,154.75,21470.89,36.680846,97.8019,337.4870,33006.87,54916
1098,2026-09-02 12:00,sell,1.642269,98.7631,162.20,21438.71,35.038577,98.7631,335.8447,33169.07,54916
1099,2026-09-02 19:00,sell,1.812886,99.8410,181.00,21499.54,33.225691,99.8410,334.0319,33350.07,54916
1100,2026-09-03 01:00,sell,1.491886,100.7409,150.29,21524.51,31.733806,100.7409,332.5400,33500.36,54916
1101,2026-09-03 04:00,buy,1.645616,99.7536,164.16,21552.72,33.379421,99.7536,334.1856,33336.20,54916
1102,2026-09-03 05:00,sell,1.697813,100.7776,171.10,21548.70,31.681609,100.7776,332.4878,33507.30,54916
1103,2026-09-03 11:00,sell,1.539746,101.7197,156.62,21547.43,30.141863,101.7197,330.9480,33663.93,54916
1104,2026-09-03 13:00,sell,1.419211,102.5996,145.61,21569.66,28.722652,102.5996,329.5288,33809.54,54916
1105,2026-09-03 14:00,sell,1.979191,103.8471,205.53,21662.90,26.743461,103.8471,327.5496,34015.07,54916
1106,2026-09-03 15:00,sell,2.073723,105.1789,218.11,21672.33,24.669738,105.1789,325.4759,34233.18,54916
1107,2026-09-03 21:00,buy,2.088760,103.8460,216.91,21675.42,26.758498,103.8460,327.5647,34016.27,54916
1108,2026-09-04 11:00,buy,1.823360,102.7026,187.26,21648.32,28.581858,102.7026,329.3880,33829.01,54916
1109,2026-09-04 12:00,buy,1.987827,101.4778,201.72,21576.58,30.569684,101.4778,331.3758,33627.29,54916
1110,2026-09-05 08:00,sell,1.981325,102.7060,203.49,21607.20,28.588359,102.7060,329.3945,33830.78,54916
1111,2026-09-05 10:00,buy,0.730596,102.2524,74.71,21605.61,29.318955,102.2524,330.1251,33756.08,54916
1112,2026-09-05 11:00,sell,0.724171,103.1596,74.71,21601.01,27.910480,103.1596,329.4009,33830.78,54916
1113,2026-09-05 11:00,sell,0.684304,102.6781,70.26,21601.01,27.910480,102.6781,328.7166,33901.05,54916
1114,2026-09-05 12:00,sell,0.067097,103.1736,6.92,21625.84,27.843383,103.1736,328.6495,33907.97,54916
1115,2026-09-05 16:00,sell,0.864260,103.7191,89.64,21630.76,26.979123,103.7191,327.7853,33997.61,54916
1116,2026-09-05 17:00,sell,0.932376,104.3126,97.26,21653.13,26.046747,104.3126,326.8529,34094.87,54916
1117,2026-09-05 18:00,buy,0.942771,103.7143,97.78,21645.15,26.989518,103.7143,327.7957,33997.09,54916
1118,2026-09-05 22:00,buy,0.983317,103.0957,101.38,21630.76,27.972835,103.0957,328.7790,33895.71,54916
1119,2026-09-06 00:00,sell,0.957031,103.6994,99.24,21628.80,27.015804,103.6994,327.8220,33994.96,54916
1120,2026-09-06 01:00,sell,0.975051,104.3200,101.72,21649.22,26.040753,104.3200,326.8469,34096.67,54916
1121,2026-09-06 02:00,sell,1.015809,104.9725,106.63,21658.06,25.024944,104.9725,325.8311,34203.31,54916
1122,2026-09-06 03:00,sell,1.427859,105.9007,151.21,21697.38,23.597085,105.9007,324.4032,34354.52,54916
1123,2026-09-06 04:00,sell,1.377505,106.8077,147.13,21693.75,22.219580,106.8077,323.0257,34501.65,54916
1124,2026-09-06 05:00,buy,1.474297,105.8416,156.04,21710.03,23.693877,105.8416,324.5000,34345.60,54916
1125,2026-09-06 06:00,buy,1.528791,104.8536,160.30,21685.31,25.222668,104.8536,326.0288,34185.30,54916
1126,2026-09-06 08:00,sell,1.499686,105.8272,158.71,21681.80,23.722982,105.8272,324.5291,34344.01,54916
1127,2026-09-06 09:00,sell,1.611148,106.8885,172.21,21712.87,22.111835,106.8885,322.9180,34516.23,54916
1128,2026-09-06 13:00,buy,1.518342,105.8927,160.78,21727.80,23.630176,105.8927,324.4363,34355.44,54916
1129,2026-09-07 01:00,sell,1.675755,106.9980,179.30,21688.82,21.954421,106.9980,322.7606,34534.75,54916
1130,2026-09-07 02:00,buy,1.654895,105.9119,175.27,21698.78,23.609317,105.9119,324.4155,34359.47,54916
1131,2026-09-07 03:00,buy,1.656419,104.8413,173.66,21678.72,25.265735,104.8413,326.0719,34185.81,54916
1132,2026-09-07 06:00,buy,1.571943,103.8401,163.23,21683.79,26.837678,103.8401,327.6438,34022.58,54916
1133,2026-09-07 07:00,sell,1.598333,104.8632,167.61,21668.13,25.239346,104.8632,326.0455,34190.19,54916
1134,2026-09-07 11:00,sell,1.466717,105.8153,155.20,21680.63,23.772629,105.8153,324.5788,34345.39,54916
1135,2026-09-07 12:00,buy,1.267567,104.9952,133.09,21700.70,25.040196,104.9952,325.8464,34212.30,54916
1136,2026-09-07 13:00,buy,1.322462,104.1498,137.73,21685.27,26.362657,104.1498,327.1688,34074.57,54916
1137,2026-09-07 14:00,buy,1.405691,103.2625,145.16,21676.01,27.768348,103.2625,328.5745,33929.41,54916
1138,2026-09-07 18:00,sell,1.571071,104.2595,163.80,21655.57,26.197277,104.2595,327.0034,34093.21,54916
1139,2026-09-07 21:00,buy,1.275920,103.4522,132.00,21656.02,27.473197,103.4522,328.2794,33961.21,54916
1140,2026-09-08 00:00,sell,1.157736,104.1870,120.62,21660.96,26.315461,104.1870,327.1216,34081.83,54916
1141,2026-09-08 01:00,buy,1.059415,103.5165,109.67,21669.94,27.374876,103.5165,328.1810,33972.17,54916
1142,2026-09-08 02:00,buy,1.191807,102.7701,122.48,21640.06,28.566683,102.7701,329.3728,33849.69,54916
1143,2026-09-08 08:00,sell,1.179838,103.5117,122.13,21633.35,27.386845,103.5117,328.1930,33971.81,54916
1144,2026-09-08 10:00,buy,1.182548,102.7711,121.53,21643.83,28.569393,102.7711,329.3756,33850.28,54916
1145,2026-09-08 12:00,buy,1.200668,102.0272,122.50,21636.13,29.770061,102.0272,330.5762,33727.78,54916
1146,2026-09-08 13:00,sell,1.362387,102.8752,140.16,21624.05,28.407674,102.8752,329.2138,33867.94,54916
1147,2026-09-08 14:00,sell,1.375487,103.7421,142.70,21642.94,27.032187,103.7421,327.8383,34010.63,54916
1148,2026-09-08 15:00,sell,1.417028,104.6467,148.29,21669.50,25.615159,104.6467,326.4213,34158.92,54916
1149,2026-09-08 16:00,buy,1.492080,103.6987,154.73,21667.53,27.107239,103.6987,327.9134,34004.19,54916
1150,2026-09-09 04:00,sell,1.444319,104.6203,151.11,21673.63,25.662920,104.6203,326.4691,34155.30,54916
1151,2026-09-09 08:00,buy,1.211081,103.8498,125.77,21685.22,26.874001,103.8498,327.6802,34029.53,54916
1152,2026-09-09 11:00,sell,1.278548,104.6666,133.82,21670.03,25.595453,104.6666,326.4016,34163.35,54916
1153,2026-09-09 12:00,buy,1.265704,103.8611,131.46,21681.94,26.861157,103.8611,327.6673,34031.89,54916
1154,2026-09-09 14:00,buy,1.356309,103.0083,139.71,21650.49,28.217466,103.0083,329.0236,33892.18,54916
1155,2026-09-09 19:00,buy,1.626459,101.9999,165.90,21618.43,29.843925,101.9999,330.6501,33726.28,54916
1156,2026-09-09 21:00,buy,1.483602,101.0927,149.98,21612.61,31.327527,101.0927,332.1337,33576.30,54916
1157,2026-09-10 03:00,sell,1.662093,102.1147,169.72,21604.45,29.665434,102.1147,330.4716,33746.02,54916
1158,2026-09-10 06:00,buy,1.397099,101.2586,141.47,21608.84,31.062533,101.2586,331.8687,33604.56,54916
1159,2026-09-10 11:00,buy,1.398201,100.4125,140.40,21580.01,32.460734,100.4125,333.2669,33464.16,54916
1160,2026-09-10 12:00,buy,1.730249,99.3806,171.95,21512.21,34.190983,99.3806,334.9971,33292.21,54916
1161,2026-09-10 16:00,sell,1.707726,100.4042,171.46,21538.90,32.483257,100.4042,333.2894,33463.67,54916
1162,2026-09-10 17:00,buy,1.667554,99.4095,165.77,21548.76,34.150812,99.4095,334.9570,33297.90,54916
1163,2026-09-11 11:00,buy,1.639049,98.4460,161.36,21535.18,34.182277,98.4460,336.5960,33136.54,54916
1164,2026-09-11 11:00,sell,1.607584,100.3729,161.36,21535.18,34.182277,100.3729,334.9884,33297.90,54916
1165,2026-09-11 12:00,sell,3.467898,101.5017,352.00,21609.37,30.714380,101.5017,331.5205,33649.89,54916
1166,2026-09-11 13:00,sell,2.497831,103.0546,257.41,21702.53,28.216548,103.0546,329.0227,33907.31,54916
1167,2026-09-11 14:00,buy,2.821832,101.3167,285.90,21662.95,31.038381,101.3167,331.8445,33621.41,54916
1168,2026-09-13 08:00,buy,3.034184,99.4973,301.89,21562.40,34.072565,99.4973,334.8787,33319.52,54916
1169,2026-09-13 12:00,sell,0.944384,100.0616,94.50,21552.42,33.128182,100.0616,333.9343,33414.01,54916
1170,2026-09-13 13:00,sell,0.897053,100.6021,90.25,21566.02,32.231128,100.6021,333.0373,33504.26,54916
1171,2026-09-13 16:00,sell,0.942140,101.1746,95.32,21589.14,31.288988,101.1746,332.0951,33599.58,54916
1172,2026-09-13 21:00,buy,0.934766,100.6082,94.05,21606.32,32.223754,100.6082,333.0299,33505.53,54916
1173,2026-09-13 22:00,buy,1.186446,99.8964,118.52,21554.47,33.410200,99.8964,334.2164,33387.01,54916
1174,2026-09-13 23:00,buy,1.225970,99.1689,121.58,21539.82,34.636170,99.1689,335.4423,33265.43,54916
1175,2026-09-14 00:00,sell,1.266486,99.9234,126.55,21551.82,33.369684,99.9234,334.1758,33391.99,54916
1176,2026-09-14 01:00,sell,1.314920,100.7160,132.43,21569.76,32.054764,100.7160,332.8609,33524.42,54916
1177,2026-09-14 05:00,sell,1.366169,101.5496,138.73,21600.66,30.688595,101.5496,331.4948,33663.15,54916
1178,2026-09-14 08:00,sell,1.173484,102.2737,120.02,21612.81,29.515111,102.2737,330.3213,33783.17,54916
1179,2026-09-14 10:00,buy,1.151318,101.5657,116.93,21621.81,30.666429,101.5657,331.4726,33666.23,54916
1180,2026-09-14 12:00,buy,1.069587,100.9144,107.94,21609.63,31.736016,100.9144,332.5422,33558.30,54916
1181,2026-09-14 13:00,sell,1.217903,101.6590,123.81,21609.23,30.518113,101.6590,331.3243,33682.11,54916
1182,2026-09-14 15:00,sell,1.218615,102.4124,124.80,21627.97,29.299499,102.4124,330.1057,33806.91,54916
1183,2026-09-14 16:00,sell,1.291989,103.2204,133.36,21647.39,28.007510,103.2204,328.8137,33940.27,54916
1184,2026-09-14 19:00,sell,1.271086,104.0246,132.22,21666.71,26.736423,104.0246,327.5426,34072.49,54916
1185,2026-09-14 20:00,buy,1.449447,103.1120,149.46,21687.35,28.185870,103.1120,328.9920,33923.04,54916
1186,2026-09-15 00:00,buy,1.479128,102.1931,151.16,21644.77,29.664998,102.1931,330.4712,33771.88,54916
1187,2026-09-15 02:00,buy,1.240829,101.4314,125.86,21630.79,30.905827,101.4314,331.7120,33646.02,54916
1188,2026-09-15 04:00,buy,1.199782,100.7030,120.82,21609.73,32.105609,100.7030,332.9118,33525.20,54916
1189,2026-09-15 05:00,sell,1.183927,101.4243,120.08,21611.63,30.921682,101.4243,331.7278,33645.28,54916
1190,2026-09-15 06:00,buy,1.216619,100.6858,122.50,21598.17,32.138301,100.6858,332.9445,33522.78,54916
1191,2026-09-15 12:00,buy,1.221483,99.9524,122.09,21602.54,33.359784,99.9524,334.1659,33400.69,54916
1192,2026-09-15 13:00,buy,1.278914,99.1932,126.86,21589.88,33.379068,99.1932,335.4449,33273.83,54916
1193,2026-09-15 13:00,sell,1.259631,100.7117,126.86,21589.88,33.379068,100.7117,334.1852,33400.69,54916
1194,2026-09-15 14:00,buy,0.433002,99.6883,43.17,21533.07,33.812069,99.6883,334.6182,33357.53,54916
1195,2026-09-15 17:00,buy,1.777988,98.6401,175.38,21580.66,35.590058,98.6401,336.3962,33182.15,54916
1196,2026-09-15 19:00,buy,2.728411,97.0655,264.83,21500.46,38.318469,97.0655,339.1246,32917.31,54916
1197,2026-09-16 17:00,sell,2.590670,98.5716,255.37,21470.86,35.727799,98.5716,336.5340,33172.68,54916
1198,2026-09-16 18:00,buy,1.822646,97.5153,177.74,21500.21,37.550446,97.5153,338.3566,32994.94,54916
1199,2026-09-16 19:00,sell,1.987860,98.6747,196.15,21510.21,35.562586,98.6747,336.3687,33191.09,54916
1200,2026-09-16 21:00,buy,1.934679,97.5526,188.73,21523.04,37.497265,97.5526,338.3034,33002.36,54916
1201,2026-09-16 22:00,sell,1.824933,98.6165,179.97,21490.80,35.672332,98.6165,336.4785,33182.33,54916
1202,2026-09-17 01:00,sell,1.883844,99.7333,187.88,21554.64,33.788487,99.7333,334.5946,33370.21,54916
1203,2026-09-17 08:00,sell,1.753823,100.7899,176.77,21591.74,32.034665,100.7899,332.8408,33546.98,54916
1204,2026-09-17 09:00,buy,1.310228,100.0025,131.03,21588.72,33.344892,100.0025,334.1511,33415.95,54916
1205,2026-09-17 11:00,sell,1.283766,100.7769,129.37,21585.75,32.061126,100.7769,332.8673,33545.33,54916
1206,2026-09-17 12:00,buy,1.413736,99.9281,141.27,21606.32,33.474863,99.9281,334.2810,33404.06,54916
1207,2026-09-17 13:00,sell,1.390120,101.6257,141.27,21607.71,30.569327,101.6257,332.8909,33545.33,54916
1208,2026-09-17 13:00,sell,1.515416,100.8424,152.82,21607.71,30.569327,100.8424,331.3755,33698.15,54916
1209,2026-09-17 16:00,sell,0.280388,101.8641,28.56,21627.69,30.288939,101.8641,331.0951,33726.71,54916
1210,2026-09-17 17:00,buy,1.608232,100.8841,162.24,21632.18,31.897172,100.8841,332.7033,33564.46,54916
1211,2026-09-18 00:00,sell,1.559501,101.8388,158.82,21629.18,30.337670,101.8388,331.1438,33723.28,54916
1212,2026-09-18 01:00,sell,1.342558,102.6713,137.84,21662.05,28.995112,102.6713,329.8013,33861.12,54916
1213,2026-09-18 02:00,sell,1.304754,103.4901,135.03,21670.70,27.690358,103.4901,328.4965,33996.15,54916
1214,2026-09-18 03:00,sell,1.622233,104.5225,169.56,21721.35,26.068125,104.5225,326.8743,34165.71,54916
1215,2026-09-18 04:00,sell,1.693981,105.6172,178.91,21752.63,24.374144,105.6172,325.1803,34344.62,54916
1216,2026-09-18 12:00,sell,1.606628,106.6712,171.38,21752.92,22.767516,106.6712,323.5737,34516.01,54916
1217,2026-09-18 13:00,sell,1.908258,107.9444,205.99,21814.21,20.859258,107.9444,321.6654,34721.99,54916
1218,2026-09-18 14:00,sell,2.131949,109.3945,233.22,21857.58,18.727309,109.3945,319.5335,34955.22,54916
1219,2026-09-18 15:00,sell,2.253039,110.9593,250.00,21864.20,16.474271,110.9593,317.2804,35205.21,54916
1220,2026-09-18 16:00,sell,2.155097,112.4874,242.42,21874.72,14.319174,112.4874,315.1253,35447.63,54916
1221,2026-09-18 18:00,sell,2.079383,113.9918,237.03,21885.12,12.239791,113.9918,313.0460,35684.66,54916
1222,2026-09-18 23:00,buy,2.107799,112.4771,237.08,21892.01,14.347590,112.4771,315.1538,35447.59,54916
1223,2026-09-19 00:00,sell,1.768940,113.7541,201.22,21905.58,12.578650,113.7541,313.3848,35648.81,54916
1224,2026-09-19 03:00,buy,1.766398,112.4860,198.70,21901.31,14.345048,112.4860,315.1512,35450.11,54916
1225,2026-09-19 05:00,buy,1.631525,111.3333,181.64,21883.15,15.976573,111.3333,316.7827,35268.47,54916
1226,2026-09-19 07:00,sell,1.572027,112.4494,176.77,21879.34,14.404545,112.4494,315.2107,35445.24,54916
1227,2026-09-19 12:00,buy,1.471321,111.4093,163.92,21882.33,15.875867,111.4093,316.6820,35281.33,54916
1228,2026-09-19 16:00,sell,1.132685,112.2120,127.10,21885.77,14.743181,112.2120,315.5493,35408.43,54916
1229,2026-09-19 17:00,buy,1.163543,111.3905,129.61,21876.81,15.906724,111.3905,316.7129,35278.82,54916
1230,2026-09-19 20:00,buy,1.205088,110.5493,133.22,21872.91,17.111812,110.5493,317.9180,35145.60,54916
1231,2026-09-20 01:00,buy,1.203929,109.7183,132.09,21857.07,18.315741,109.7183,319.1219,35013.50,54916
1232,2026-09-20 02:00,buy,1.655765,108.5914,179.80,21809.37,19.971506,108.5914,320.7777,34833.70,54916
1233,2026-09-20 15:00,sell,1.759677,109.7960,193.21,21833.88,18.211830,109.7960,319.0180,35026.91,54916
1234,2026-09-20 18:00,sell,1.412937,110.7773,156.52,21846.58,16.798892,110.7773,317.6051,35183.43,54916
1235,2026-09-20 20:00,buy,1.573327,109.6905,172.58,21859.01,18.372219,109.6905,319.1784,35010.85,54916
1236,2026-09-20 21:00,sell,1.485062,110.7209,164.43,21855.86,16.887157,110.7209,317.6933,35175.28,54916
1237,2026-09-20 23:00,sell,1.545168,111.8085,172.76,21878.29,15.341989,111.8085,316.1481,35348.04,54916
1238,2026-09-21 00:00,sell,1.613839,112.9617,182.30,21896.78,13.728151,112.9617,314.5343,35530.34,54916
1239,2026-09-21 01:00,buy,1.911971,111.6049,213.39,21876.67,15.640122,111.6049,316.4463,35316.96,54916
1240,2026-09-21 07:00,sell,1.891847,112.9555,213.69,21896.04,13.748275,112.9555,314.5544,35530.65,54916
1241,2026-09-21 08:00,sell,2.151418,114.5221,246.38,21938.09,11.596857,114.5221,312.4030,35777.04,54916
1242,2026-09-21 10:00,sell,2.166860,116.1331,251.64,21946.22,9.429997,116.1331,310.2362,36028.68,54916
1243,2026-09-21 12:00,sell,1.927883,117.5946,226.71,21955.05,7.502114,117.5946,308.3083,36255.39,54916
1244,2026-09-21 14:00,sell,1.856194,119.0278,220.94,21965.89,5.645920,119.0278,306.4521,36476.33,54916
1245,2026-09-21 15:00,buy,1.949607,117.5324,229.14,21965.90,7.595527,117.5324,308.4017,36247.19,54916
1246,2026-09-21 19:00,sell,1.950074,119.0378,232.13,21970.23,5.645453,119.0378,306.4516,36479.32,54916
1247,2026-09-22 00:00,buy,1.783681,117.6680,209.88,21971.05,7.429133,117.6680,308.2353,36269.44,54916
1248,2026-09-22 03:00,buy,1.818366,116.2959,211.47,21960.32,9.247499,116.2959,310.0537,36057.97,54916
1249,2026-09-22 07:00,sell,1.656946,117.5523,194.78,21957.72,7.590553,117.5523,308.3967,36252.75,54916
1250,2026-09-22 13:00,buy,1.741570,116.2395,202.44,21973.15,9.332123,116.2395,310.1383,36050.31,54916
1251,2026-09-22 14:00,sell,1.709054,117.5348,200.87,21963.96,7.623069,117.5348,308.4292,36251.18,54916
1252,2026-09-22 22:00,sell,1.652798,118.8082,196.37,21976.35,5.970271,118.8082,306.7764,36447.55,54916
1253,2026-09-23 06:00,buy,1.320035,117.7944,155.49,21980.60,7.290306,117.7944,308.0965,36292.05,54916
1254,2026-09-23 10:00,buy,1.484736,116.6700,173.22,21972.15,8.775042,116.6700,309.5812,36118.83,54916
